Workbook
Name f_list: Sheet3!$A$5:$E$21
Name lll: Sheet3!$K$47:$Q$63

Sheet Sheet3
A2: 테스트차수 | B2: 2-2차
A3: 단계 | B3: (모두)
A4: 결함상태 | B4: (다중 항목) | L4: 업무 모듈 | M4: 합계 | N4: Critical | O4: Major | P4: Minor
L5: 공항운영(GO) | M5: =VLOOKUP(L5,f_list,5,FALSE) -> 22 | N5: =VLOOKUP(L5,f_list,2,FALSE) -> 8 | O5: =VLOOKUP(L5,f_list,3,FALSE) -> 0 | P5: 210 | Q5: 619 | R5: =VLOOKUP(P5,f_list,2,FALSE) -> #N/A
A6: 개수 : 결함ID | B6: 열 레이블 | L6: 항공기관제(AC) | M6: =VLOOKUP(L6,f_list,5,FALSE) -> 36 | N6: =VLOOKUP(L6,f_list,2,FALSE) -> 3 | O6: 92 | P6: 244 | Q6: 360 | R6: 24
A7: 행 레이블 | B7: 3자테스트 | C7: PL테스트 | D7: 감리테스트 | E7: 공사테스트 | F7: 현업테스트 | G7: 총합계 | L7: 공통관리(FIMS-CA) | M7: =VLOOKUP(L7,f_list,5,FALSE) -> 42 | N7: =VLOOKUP(L7,f_list,2,FALSE) -> 23 | O7: 44 | P7: 291 | Q7: 341 | R7: 6
A8: A-CDM(CM) | B8: 17 | C8: 4 | D8: 38 | E8: 39 | F8: 27 | G8: 125 | L8: 항공보안(FS) | M8: =VLOOKUP(L8,f_list,5,FALSE) -> #N/A | N8: =VLOOKUP(L8,f_list,2,FALSE) -> #N/A | O8: 47 | P8: 275 | Q8: 335 | R8: 13
A9: SLOT관리(SLOT) | B9: 3 | D9: 4 | E9: 7 | G9: 14 | L9: 자원배정(RS) | M9: =VLOOKUP(L9,f_list,5,FALSE) -> 17 | N9: =VLOOKUP(L9,f_list,2,FALSE) -> 17 | O9: 113 | P9: 191 | Q9: 325 | R9: 21
A10: 공통관리(AOMS-CA) | B10: 24 | E10: 14 | G10: 38 | L10: 공통관리(AOMS-CA) | M10: =VLOOKUP(L10,f_list,5,FALSE) -> 14 | N10: =VLOOKUP(L10,f_list,2,FALSE) -> 24 | O10: 32 | P10: 284 | Q10: 319 | R10: 3
A11: 공통관리(FIMS-CA) | B11: 23 | D11: 4 | E11: 42 | F11: 10 | G11: 79 | L11: 운항계획(FP) | M11: =VLOOKUP(L11,f_list,5,FALSE) -> 28 | N11: =VLOOKUP(L11,f_list,2,FALSE) -> 16 | O11: 38 | P11: 260 | Q11: 319 | R11: 21
A12: 공항운영(GO) | B12: 8 | D12: 9 | E12: 22 | F12: 9 | G12: 48 | L12: 모바일(WES) | M12: =VLOOKUP(L12,f_list,5,FALSE) -> 12 | N12: =VLOOKUP(L12,f_list,2,FALSE) -> 3 | O12: 115 | P12: 187 | Q12: 312 | R12: 10
A13: 모바일(MES) | B13: 4 | E13: 48 | F13: 23 | G13: 75 | L13: 모바일(MES) | M13: =VLOOKUP(L13,f_list,5,FALSE) -> 48 | N13: =VLOOKUP(L13,f_list,2,FALSE) -> 4 | O13: 105 | P13: 171 | Q13: 287 | R13: 11
A14: 모바일(WES) | B14: 3 | D14: 5 | E14: 12 | F14: 5 | G14: 25 | L14: 예측관리(PM) | M14: =VLOOKUP(L14,f_list,5,FALSE) -> 19 | N14: =VLOOKUP(L14,f_list,2,FALSE) -> 15 | O14: 84 | P14: 90 | Q14: 208 | R14: 34
A15: 비상계획(CP) | B15: 1 | C15: 2 | E15: 3 | F15: 9 | G15: 15 | L15: A-CDM(CM) | M15: =VLOOKUP(L15,f_list,5,FALSE) -> 39 | N15: =VLOOKUP(L15,f_list,2,FALSE) -> 17 | O15: 92 | P15: 108 | Q15: 206 | R15: 6
A16: 예측관리(PM) | B16: 15 | D16: 11 | E16: 19 | G16: 45 | L16: 항공통계포털(AS) | M16: =VLOOKUP(L16,f_list,5,FALSE) -> #N/A | N16: =VLOOKUP(L16,f_list,2,FALSE) -> #N/A | O16: 83 | P16: 90 | Q16: 200 | R16: 27
A17: 운항계획(FP) | B17: 16 | D17: 1 | E17: 28 | F17: 6 | G17: 51 | L17: SLOT관리(SLOT) | M17: =VLOOKUP(L17,f_list,5,FALSE) -> 7 | N17: =VLOOKUP(L17,f_list,2,FALSE) -> 3 | O17: 42 | P17: 97 | Q17: 166 | R17: 27
A18: 자원배정(RS) | B18: 17 | C18: 7 | D18: 12 | E18: 17 | F18: 10 | G18: 63 | L18: 자원배정차트(RC) | M18: =VLOOKUP(L18,f_list,5,FALSE) -> 7 | N18: =VLOOKUP(L18,f_list,2,FALSE) -> 4 | O18: 41 | P18: 71 | Q18: 145 | R18: 33
A19: 자원배정엔진(RE) | B19: 3 | D19: 2 | E19: 6 | G19: 11 | L19: 비상계획(CP) | M19: =VLOOKUP(L19,f_list,5,FALSE) -> 3 | N19: =VLOOKUP(L19,f_list,2,FALSE) -> 1 | O19: 17 | P19: 22 | Q19: 39 | R19: 0
A20: 자원배정차트(RC) | B20: 4 | D20: 3 | E20: 7 | F20: 2 | G20: 16 | L20: 자원배정엔진(RE) | M20: =VLOOKUP(L20,f_list,5,FALSE) -> 6 | N20: =VLOOKUP(L20,f_list,2,FALSE) -> 3 | O20: 7 | P20: 9 | Q20: 17 | R20: 1
A21: 항공기관제(AC) | B21: 3 | C21: 48 | D21: 1 | E21: 36 | F21: 40 | G21: 128 | L21: 푸시SW(PUSH) | M21: =VLOOKUP(L21,f_list,5,FALSE) -> #N/A | N21: =VLOOKUP(L21,f_list,2,FALSE) -> #N/A | O21: 1 | P21: 3 | Q21: 5 | R21: 1
A22: 항공보안(FS) | B22: 2 | D22: 7 | E22: 31 | F22: 3 | G22: 43 | L22: 합계 | M22: 4203 | N22: 416 | O22: 1113 | P22: 2503
A23: 항공통계포털(AS) | B23: 13 | D23: 42 | E23: 69 | G23: 124
A24: 총합계 | B24: 156 | C24: 61 | D24: 139 | E24: 400 | F24: 144 | G24: 900
A25: 조치상태 | B25: (다중 항목)
A27: 개수 : 결함ID | B27: 열 레이블 | L27: 차수 | M27: 개발자 | N27: PL | O27: 3자 | P27: 공사 | Q27: 현업 | R27: 감리 | S27: 계
A28: 행 레이블 | B28: 3자테스트 | C28: PL테스트 | D28: 감리테스트 | E28: 개발자테스트 | F28: 공사테스트 | G28: 현업테스트 | H28: 총합계 | L28: 1-1차 | M28: 1 | N28: 69 | O28: 8 | P28: 524 | Q28: 101 | R28: 46 | S28: =SUM(M28:R28) -> 749
A29: 1-1차 | B29: 8 | C29: 69 | D29: 46 | E29: 1 | F29: 524 | G29: 101 | H29: 749 | L29: 1-2차 | M29: 1 | N29: 31 | O29: 404 | P29: 530 | Q29: 208 | R29: 79 | S29: =SUM(M29:R29) -> 1253
A30: 1-2차 | B30: 404 | C30: 31 | D30: 79 | E30: 1 | F30: 530 | G30: 208 | H30: 1253 | L30: 2-1차 | M30: - | N30: 21 | O30: 220 | P30: 543 | Q30: 217 | R30: 171 | S30: =SUM(M30:R30) -> 1172
A31: 2-1차 | B31: 220 | C31: 21 | D31: 171 | F31: 543 | G31: 217 | H31: 1172 | L31: 2-2차 | M31: - | N31: 61 | O31: 156 | P31: 400 | Q31: 144 | R31: 139 | S31: =SUM(M31:R31) -> 900
A32: 2-2차 | B32: 156 | C32: 61 | D32: 139 | F32: 400 | G32: 144 | H32: 900 | L32: 2-3차 | M32: - | N32: 24 | O32: 94 | P32: 10 | Q32: 2 | R32: - | S32: =SUM(M32:R32) -> 130
A33: 2-3차 | B33: 94 | C33: 24 | F33: 10 | G33: 2 | H33: 130 | L33: 합계 | M33: 2 | N33: 206 | O33: 882 | P33: 2007 | Q33: 672 | R33: 435 | S33: =SUM(S28:S32) -> 4204
A34: 총합계 | B34: 882 | C34: 206 | D34: 435 | E34: 2 | F34: 2007 | G34: 672 | H34: 4204
K42: 결함구분 | L42: (모두)
A43: 결함구분 | B43: 신규 | K43: 결함상태 | L43: (다중 항목)
A45: 개수 : 결함ID | B45: 열 레이블 | K45: 개수 : 결함ID | L45: 열 레이블
A46: 행 레이블 | B46: 3자테스트 | C46: 감리테스트 | D46: 공사테스트 | E46: 현업테스트 | F46: 총합계 | K46: 행 레이블 | L46: 3자테스트 | M46: PL테스트 | N46: 감리테스트 | O46: 개발자테스트 | P46: 공사테스트 | Q46: 현업테스트 | R46: 총합계
A47: 1-1차 | C47: 3 | D47: 1 | F47: 4 | K47: A-CDM(CM) | L47: 26 | M47: 11 | N47: 40 | P47: 92 | Q47: 37 | R47: 206
A48: 1-2차 | B48: 1 | C48: 8 | D48: 16 | E48: 5 | F48: 30 | K48: SLOT관리(SLOT) | L48: 78 | M48: 15 | N48: 18 | O48: 1 | P48: 54 | R48: 166
A49: 2-1차 | B49: 1 | D49: 8 | E49: 6 | F49: 15 | K49: 공통관리(AOMS-CA) | L49: 49 | M49: 19 | N49: 16 | P49: 193 | Q49: 42 | R49: 319
A50: 2-2차 | B50: 4 | D50: 9 | E50: 6 | F50: 19 | K50: 공통관리(FIMS-CA) | L50: 56 | M50: 2 | N50: 30 | P50: 185 | Q50: 68 | R50: 341
A51: 총합계 | B51: 6 | C51: 11 | D51: 34 | E51: 17 | F51: 68 | K51: 공항운영(GO) | L51: 168 | N51: 115 | P51: 248 | Q51: 88 | R51: 619
K52: 모바일(MES) | L52: 75 | M52: 6 | N52: 9 | P52: 139 | Q52: 58 | R52: 287
K53: 모바일(WES) | L53: 103 | N53: 18 | P53: 131 | Q53: 60 | R53: 312
K54: 비상계획(CP) | L54: 3 | M54: 2 | P54: 13 | Q54: 21 | R54: 39
K55: 예측관리(PM) | L55: 60 | N55: 38 | P55: 93 | Q55: 17 | R55: 208
K56: 운항계획(FP) | L56: 50 | M56: 14 | N56: 16 | P56: 189 | Q56: 50 | R56: 319
K57: 자원배정(RS) | L57: 66 | M57: 33 | N57: 36 | P57: 101 | Q57: 89 | R57: 325
K58: 자원배정엔진(RE) | L58: 3 | N58: 2 | P58: 9 | Q58: 3 | R58: 17
K59: 자원배정차트(RC) | L59: 17 | M59: 3 | N59: 17 | P59: 87 | Q59: 21 | R59: 145
K60: 푸시SW(PUSH) | M60: 1 | N60: 4 | R60: 5
K61: 항공기관제(AC) | L61: 15 | M61: 95 | N61: 7 | P61: 144 | Q61: 99 | R61: 360
K62: 항공보안(FS) | L62: 68 | M62: 5 | N62: 20 | O62: 1 | P62: 223 | Q62: 18 | R62: 335
K63: 항공통계포털(AS) | L63: 45 | N63: 49 | P63: 106 | R63: 200
K64: 총합계 | L64: 882 | M64: 206 | N64: 435 | O64: 2 | P64: 2007 | Q64: 671 | R64: 4203
K66: SLOT관리(SLOT) | L66: =VLOOKUP(K66,lll,3,FALSE)+VLOOKUP(K66,lll,5,FALSE) -> 16 | M66: =VLOOKUP(K66,lll,2,FALSE) -> 78 | N66: =VLOOKUP(K66,lll,6,FALSE) -> 54 | O66: =VLOOKUP(K66,lll,7,FALSE) -> 0 | P66: =VLOOKUP(K66,lll,4,FALSE) -> 18
K67: 자원배정엔진(RE) | L67: =VLOOKUP(K67,lll,3,FALSE)+VLOOKUP(K67,lll,5,FALSE) -> 0 | M67: =VLOOKUP(K67,lll,2,FALSE) -> 3 | N67: =VLOOKUP(K67,lll,6,FALSE) -> 9 | O67: =VLOOKUP(K67,lll,7,FALSE) -> 3 | P67: =VLOOKUP(K67,lll,4,FALSE) -> 2
K68: 모바일(MES) | L68: =VLOOKUP(K68,lll,3,FALSE)+VLOOKUP(K68,lll,5,FALSE) -> 6 | M68: =VLOOKUP(K68,lll,2,FALSE) -> 75 | N68: =VLOOKUP(K68,lll,6,FALSE) -> 139 | O68: =VLOOKUP(K68,lll,7,FALSE) -> 58 | P68: =VLOOKUP(K68,lll,4,FALSE) -> 9
K69: 모바일(WES) | L69: =VLOOKUP(K69,lll,3,FALSE)+VLOOKUP(K69,lll,5,FALSE) -> 0 | M69: =VLOOKUP(K69,lll,2,FALSE) -> 103 | N69: =VLOOKUP(K69,lll,6,FALSE) -> 131 | O69: =VLOOKUP(K69,lll,7,FALSE) -> 60 | P69: =VLOOKUP(K69,lll,4,FALSE) -> 18
K70: 자원배정차트(RC) | L70: =VLOOKUP(K70,lll,3,FALSE)+VLOOKUP(K70,lll,5,FALSE) -> 3 | M70: =VLOOKUP(K70,lll,2,FALSE) -> 17 | N70: =VLOOKUP(K70,lll,6,FALSE) -> 87 | O70: =VLOOKUP(K70,lll,7,FALSE) -> 21 | P70: =VLOOKUP(K70,lll,4,FALSE) -> 17
K71: 공항운영(GO) | L71: =VLOOKUP(K71,lll,3,FALSE)+VLOOKUP(K71,lll,5,FALSE) -> 0 | M71: =VLOOKUP(K71,lll,2,FALSE) -> 168 | N71: =VLOOKUP(K71,lll,6,FALSE) -> 248 | O71: =VLOOKUP(K71,lll,7,FALSE) -> 88 | P71: =VLOOKUP(K71,lll,4,FALSE) -> 115
K72: 항공통계포털(AS) | L72: =VLOOKUP(K72,lll,3,FALSE)+VLOOKUP(K72,lll,5,FALSE) -> 0 | M72: =VLOOKUP(K72,lll,2,FALSE) -> 45 | N72: =VLOOKUP(K72,lll,6,FALSE) -> 106 | O72: =VLOOKUP(K72,lll,7,FALSE) -> 0 | P72: =VLOOKUP(K72,lll,4,FALSE) -> 49
K73: 예측관리(PM) | L73: =VLOOKUP(K73,lll,3,FALSE)+VLOOKUP(K73,lll,5,FALSE) -> 0 | M73: =VLOOKUP(K73,lll,2,FALSE) -> 60 | N73: =VLOOKUP(K73,lll,6,FALSE) -> 93 | O73: =VLOOKUP(K73,lll,7,FALSE) -> 17 | P73: =VLOOKUP(K73,lll,4,FALSE) -> 38
K74: 항공보안(FS) | L74: =VLOOKUP(K74,lll,3,FALSE)+VLOOKUP(K74,lll,5,FALSE) -> 6 | M74: =VLOOKUP(K74,lll,2,FALSE) -> 68 | N74: =VLOOKUP(K74,lll,6,FALSE) -> 223 | O74: =VLOOKUP(K74,lll,7,FALSE) -> 18 | P74: =VLOOKUP(K74,lll,4,FALSE) -> 20
K75: 공통관리(AOMS-CA) | L75: =VLOOKUP(K75,lll,3,FALSE)+VLOOKUP(K75,lll,5,FALSE) -> 19 | M75: =VLOOKUP(K75,lll,2,FALSE) -> 49 | N75: =VLOOKUP(K75,lll,6,FALSE) -> 193 | O75: =VLOOKUP(K75,lll,7,FALSE) -> 42 | P75: =VLOOKUP(K75,lll,4,FALSE) -> 16
K76: 공통관리(FIMS-CA) | L76: =VLOOKUP(K76,lll,3,FALSE)+VLOOKUP(K76,lll,5,FALSE) -> 2 | M76: =VLOOKUP(K76,lll,2,FALSE) -> 56 | N76: =VLOOKUP(K76,lll,6,FALSE) -> 185 | O76: =VLOOKUP(K76,lll,7,FALSE) -> 68 | P76: =VLOOKUP(K76,lll,4,FALSE) -> 30
K77: 운항계획(FP) | L77: =VLOOKUP(K77,lll,3,FALSE)+VLOOKUP(K77,lll,5,FALSE) -> 14 | M77: =VLOOKUP(K77,lll,2,FALSE) -> 50 | N77: =VLOOKUP(K77,lll,6,FALSE) -> 189 | O77: =VLOOKUP(K77,lll,7,FALSE) -> 50 | P77: =VLOOKUP(K77,lll,4,FALSE) -> 16
... K81: A-CDM(CM) | L81: =VLOOKUP(K81,lll,3,FALSE)+VLOOKUP(K81,lll,5,FALSE) -> 11 | M81: =VLOOKUP(K81,lll,2,FALSE) -> 26 | N81: =VLOOKUP(K81,lll,6,FALSE) -> 92 | O81: =VLOOKUP(K81,lll,7,FALSE) -> 37 | P81: =VLOOKUP(K81,lll,4,FALSE) -> 40
L82: =SUM(L66:L81) -> 207 | M82: =SUM(M66:M81) -> 882 | N82: =SUM(N66:N81) -> 2007 | O82: =SUM(O66:O81) -> 671 | P82: =SUM(P66:P81) -> 431
L85: 16 | M85: 78 | N85: 54 | O85: 0 | P85: 18
L86: 0 | M86: 3 | N86: 9 | O86: 3 | P86: 2
L87: 6 | M87: 75 | N87: 139 | O87: 58 | P87: 9
L88: 0 | M88: 103 | N88: 131 | O88: 60 | P88: 18
L89: 3 | M89: 17 | N89: 87 | O89: 21 | P89: 17
L90: 0 | M90: 168 | N90: 248 | O90: 88 | P90: 115
L91: 0 | M91: 45 | N91: 106 | O91: 0 | P91: 49
L92: 0 | M92: 60 | N92: 93 | O92: 17 | P92: 38
L93: 6 | M93: 68 | N93: 223 | O93: 18 | P93: 20
L94: 19 | M94: 49 | N94: 193 | O94: 42 | P94: 16
L95: 2 | M95: 56 | N95: 185 | O95: 68 | P95: 30
L96: 14 | M96: 50 | N96: 189 | O96: 50 | P96: 16
... L100: 11 | M100: 26 | N100: 92 | O100: 37 | P100: 40

Sheet 테스트 결함목록
A1: 시나리오ID | B1: 테스트차수 | C1: 단계 | D1: 업무모듈명 | E1: 결함ID | F1: 결함내용 | G1: 테스트단계 | H1: PL | I1: 개발자 | J1: 테스터 | K1: 기능유형 | L1: 결함구분 | M1: 결함유형 | N1: 결함상태 | O1: 담당자 | P1: 심각도 | Q1: 조치상태 | R1: 결함등록일 | S1: 결함수정일시
A2: UT-GO12807R | B2: 2-1차 | C2: 6 | D2: 공항운영(GO) | E2: DEF-04688 | F2: [asis값검증] 데이터 순서가 불잍치 | G2: 감리테스트 | H2: 신문호 | I2: 김경준 | J2: 기인보 | K2: Online | L2: 개선/변경 | M2: 데이터 | N2: 결함검토요청 | O2: 신문호 | P2: Major | Q2: 결함검토요청 | R2: 46107.412 | S2: 46107.412
A3: UT-AS32201S | B3: 2-2차 | C3: 6 | D3: 항공통계포털(AS) | E3: DEF-04691 | F3: 열 고정이 안되고 열 고정 해제가 됨 | G3: 감리테스트 | H3: 장은성 | I3: 김경준 | J3: 이동현 | K3: Online | L3: 결함 | M3: 기능 | N3: 결함검토요청 | O3: 장은성 | P3: Major | Q3: 결함검토요청 | R3: 46107.426 | S3: 46107.426
A4: UT-CM30031S | B4: 2-2차 | C4: 6 | D4: A-CDM(CM) | E4: DEF-04692 | F4: 그래프에서 임의의 항목 구분 노출을 OFF로 선택 후 조회 시 이후 그래프에서는 해당 항목 노출을 ON으로 설정할 수 없음(메뉴를 닫았다 다시 열어야 가능함) -> 연료소모 절감량 그래프에서도 동일 현상이 발생하는 것으로 보아 그래프 공통적인 결함일 가능성이 높아보임 -> 항공기 지상이동시간 성과분석(활주로별 유도시간 성과분석) 그래프에서는 조회할 때마다 변수 선택이 초기화(전체 선택)되어 정상 동작하는 것 확인됨 | G4: 감리테스트 | H4: 이지연 | I4: 김단호 | J4: 강진욱 | K4: Online | L4: 결함 | M4: 기능 | N4: 결함검토요청 | O4: 김단호 | P4: Critical | Q4: 결함검토요청 | R4: 46107.426 | S4: 46107.562
A5: UT-CM30031S | B5: 2-2차 | C5: 6 | D5: A-CDM(CM) | E5: DEF-04693 | F5: 정렬 기준이 조회년도/항목구분/출도착은 가운데, 항공기타입별 오염물질 배출절감량은 오른쪽으로 되어있으므로 기준을 통일시킬 것을 권고함 | G5: 감리테스트 | H5: 이지연 | I5: 김단호 | J5: 강진욱 | K5: Online | L5: 개선/변경 | M5: UI | N5: 결함검토요청 | O5: 김단호 | P5: Minor | Q5: 결함검토요청 | R5: 46107.428 | S5: 46107.563
A6: UT-GO-SP126 | B6: 2-2차 | C6: 6 | D6: 공항운영(GO) | E6: DEF-04694 | F6: s-1 에러 | G6: 감리테스트 | H6: 신문호 | I6: 신문호 | J6: 기인보 | K6: 프로시져 | L6: 결함 | M6: 기능 | N6: 결함검토요청 | O6: 신문호 | P6: Major | Q6: 결함검토요청 | R6: 46107.431 | S6: 46107.431
A7: UT-PM10108S | B7: 2-2차 | C7: 6 | D7: 예측관리(PM) | E7: DEF-04695 | F7: -대기인원수 설정 시 시작값이 종료값 보다 크게 입력됨. | G7: 감리테스트 | H7: 염희석 | I7: pmtbd3 | J7: 전태상 | K7: Online | L7: 결함 | M7: 기능 | N7: 결함검토요청 | O7: 염희석 | P7: Minor | Q7: 결함검토요청 | R7: 46107.434 | S7: 46107.434
A8: UT-AS32201S | B8: 2-2차 | C8: 6 | D8: 항공통계포털(AS) | E8: DEF-04703 | F8: X축과 Y축별 최소/최대값 입력하였으나 정상 출력 안됨 | G8: 감리테스트 | H8: 장은성 | I8: 김경준 | J8: 이동현 | K8: Online | L8: 결함 | M8: 기능 | N8: 결함검토요청 | O8: 장은성 | P8: Major | Q8: 결함검토요청 | R8: 46107.45 | S8: 46107.45
A9: UT-CM30033S | B9: 2-2차 | C9: 6 | D9: A-CDM(CM) | E9: DEF-04713 | F9: 그래프에서 변수 노출 OFF 후 재조회 시 변수 노출 ON 불가 | G9: 감리테스트 | H9: 이지연 | I9: 김단호 | J9: 강진욱 | K9: Online | L9: 결함 | M9: 기능 | N9: 결함검토요청 | O9: 김단호 | P9: Critical | Q9: 결함검토요청 | R9: 46107.565 | S9: 46107.631
A10: UT-CM30030S | B10: 2-2차 | C10: 6 | D10: A-CDM(CM) | E10: DEF-04714 | F10: 그래프에서 변수 노출 OFF 후 재조회 시 변수 노출 ON 불가 | G10: 감리테스트 | H10: 이지연 | I10: 김단호 | J10: 강진욱 | K10: Online | L10: 결함 | M10: 기능 | N10: 결함검토요청 | O10: 김단호 | P10: Critical | Q10: 결함검토요청 | R10: 46107.567 | S10: 46107.631
A11: UT-PM10305S | B11: 2-3차 | C11: 3 | D11: 예측관리(PM) | E11: DEF-04723 | F11: 터미널 및 구역을 바꾸고 검색을 해도 차트 모양이 바뀌지 않음 | G11: 3자테스트 | H11: 염희석 | I11: pmtbd2 | J11: 3자테스터공통 | K11: Online | L11: 결함 | M11: 기능 | N11: 결함검토요청 | O11: 염희석 | P11: Major | Q11: 결함검토요청 | R11: 46107.602 | S11: 46107.602
A12: UT-PM10307S | B12: 2-3차 | C12: 3 | D12: 예측관리(PM) | E12: DEF-04739 | F12: 터미널을 바꾸고 검색해도 표 내용이 변하지 않음. | G12: 3자테스트 | H12: 염희석 | I12: pmtbd3 | J12: 3자테스터공통 | K12: Online | L12: 결함 | M12: 기능 | N12: 결함검토요청 | O12: 염희석 | P12: Major | Q12: 결함검토요청 | R12: 46107.658 | S12: 46107.658
A13: UT-SLOTRM007R | B13: 2-2차 | C13: 6 | D13: SLOT관리(SLOT) | E13: DEF-04740 | F13: 조회조건에 맞는 값을 넣고 Arrivals Day Chart 조회시 서버 오류 – 오류 메시지 변경 필요 | G13: 감리테스트 | H13: 김형진 | I13: 서창민 | J13: 신정환 | K13: Online | L13: 결함 | M13: 기능 | N13: 결함검토요청 | O13: 김형진 | P13: Major | Q13: 결함검토요청 | R13: 46107.659 | S13: 46107.659
... A278: UT-PM-SP27 | B278: 1-2차 | C278: 4 | D278: 예측관리(PM) | E278: DEF-01111 | F278: FIMS분리로 시즌배정일을 알 수 없으니 고정값으로 처리 | G278: 공사테스트 | H278: 염희석 | I278: pmtbd3 | J278: 홍석일 | K278: 프로시져 | L278: 개선/변경 | M278: 기능 | N278: 결함검토요청 | O278: 염희석 | P278: Critical | Q278: 결함검토요청 | R278: 45880.605 | S278: 45880.605
A279: UT-CAMN010M | B279: 1-1차 | C279: 4 | D279: 공통관리(FIMS-CA) | E279: DEF-00236 | F279: -결함내용 시스템메시지관리 영역으로 이관 | G279: 공사테스트 | H279: 박영수 | I279: 정연준 | J279: 장수정 | K279: Online | L279: 결함 | M279: 기능 | N279: 결함등록기각 | P279: Major | Q279: 결함등록기각 | R279: 45828.615 | S279: 45841.387
A280: UT-CASY004S | B280: 1-1차 | C280: 4 | D280: 공통관리(FIMS-CA) | E280: DEF-00482 | F280: 오작성 삭제해주세요. | G280: 공사테스트 | H280: 박영수 | I280: 정연준 | J280: 장수정 | K280: Online | L280: 결함 | M280: 기능 | N280: 결함등록기각 | P280: Minor | Q280: 결함등록기각 | R280: 45835.684 | S280: 45838.554
A281: UT-RSPK007S | B281: 1-1차 | C281: 5 | D281: 자원배정(RS) | E281: DEF-00467 | F281: Group에 '전체' 추가 필요 ㅇ전체 추가 불필요하여 제외처리 요청드립니다 | G281: 현업테스트 | H281: 유경섭 | I281: 김훈근 | J281: 권유진 | K281: Online | L281: 개선/변경 | M281: 기능 | N281: 결함등록기각 | P281: Minor | Q281: 결함등록기각 | R281: 45834.654 | S281: 45835.37
A282: UT-MESCM031S | B282: 1-2차 | C282: 3 | D282: 모바일(MES) | E282: DEF-00504 | F282: 시나리오 상에 있는 검색버튼이 없음. 없는 게 맞다면 시나리오 수정 필요함. | G282: 3자테스트 | H282: 임지훈 | I282: 홍성민 | J282: 김단호 | K282: Online | L282: 개선/변경 | M282: UI | N282: 결함등록기각 | P282: Minor | Q282: 결함등록기각 | R282: 45839.555 | S282: 45867.738
A283: UT-AC08009S | B283: 1-2차 | C283: 3 | D283: 항공기관제(AC) | E283: DEF-00522 | F283: 삭제하려는 비고 아이템 코드가 unusing 인 경우에도 사용중인 아이템 코드는 삭제할 수 없습니다 라는 팝업 표출되며 삭제 안됨 | G283: 3자테스트 | H283: 조수일 | I283: 구혜지 | J283: 정수현 | K283: Online | L283: 결함 | M283: 기능 | N283: 결함등록기각 | P283: Major | Q283: 결함등록기각 | R283: 45839.642 | S283: 45839.739
A284: UT-MESCM041S | B284: 1-2차 | C284: 3 | D284: 모바일(MES) | E284: DEF-00527 | F284: TOBT 오름차순 안됨 | G284: 3자테스트 | H284: 임지훈 | I284: 김용진 | J284: 정수현 | K284: Online | L284: 결함 | M284: 데이터 | N284: 결함등록기각 | P284: Minor | Q284: 결함등록기각 | R284: 45839.664 | S284: 45867.737
A285: UT-MESCM041S | B285: 1-2차 | C285: 3 | D285: 모바일(MES) | E285: DEF-00531 | F285: TSAT, TTOT 시간정보 색상이 파란색이 아님 | G285: 3자테스트 | H285: 임지훈 | I285: 김용진 | J285: 정수현 | K285: Online | L285: 결함 | M285: UI | N285: 결함등록기각 | P285: Minor | Q285: 결함등록기각 | R285: 45839.666 | S285: 45866.603
A286: UT-AC01010M | B286: 2-2차 | C286: 3 | D286: 항공기관제(AC) | E286: DEF-00614 | F286: 테스트 결과서 누락 | G286: 3자테스트 | H286: 조수일 | I286: 안소정 | J286: 윤성훈 | K286: Online | L286: 개선/변경 | M286: 문서화 | N286: 결함등록기각 | P286: Minor | Q286: 결함등록기각 | R286: 45841.386 | S286: 45845.379
A287: UT-MESCM043S | B287: 1-2차 | C287: 3 | D287: 모바일(MES) | E287: DEF-00784 | F287: TOBT 3회이상 변경 시 alert이 안나옵니다. | G287: 3자테스트 | H287: 임지훈 | I287: 김용진 | J287: 박상기 | K287: Online | L287: 결함 | M287: UI | N287: 결함등록기각 | P287: Minor | Q287: 결함등록기각 | R287: 45860.42 | S287: 45866.607
A288: UT-MESCM045M | B288: 1-2차 | C288: 3 | D288: 모바일(MES) | E288: DEF-00831 | F288: GATE가 아닌 PAD 항목이 맞는 지 확인이 필요합니다. PAD가 맞으면 결함아닙니다. | G288: 3자테스트 | H288: 임지훈 | I288: 김용진 | J288: 박상기 | K288: Online | L288: 결함 | M288: 기타 | N288: 결함등록기각 | P288: Minor | Q288: 결함등록기각 | R288: 45861.403 | S288: 45866.61
A289: UT-RCCI206M | B289: 1-2차 | C289: 3 | D289: 자원배정차트(RC) | E289: DEF-00797 | F289: ADD Assigment를 하여 3p 를 a07에 배정함 .배정된 바를 변경하려고 하면 변경신청을 누르면 해당값이 사라짐. | G289: 3자테스트 | H289: 이미라 | I289: 문현희 | J289: 김승무 | K289: Online | L289: 결함 | M289: 기능 | N289: 결함등록기각 | P289: Minor | Q289: 결함등록기각 | R289: 45860.591 | S289: 45876.439
A290: UT-MESCM048M | B290: 1-2차 | C290: 3 | D290: 모바일(MES) | E290: DEF-00833 | F290: 제방빙작업 요청 후 -> 출발도착편정보 -> 해당 항공편으로 다시 들어옴 REQ 토글이 비활성화 되어있는 데, 이것이 맞다면 결함이 아닙니다. | G290: 3자테스트 | H290: 임지훈 | I290: 김용진 | J290: 박상기 | K290: Online | L290: 결함 | M290: 프로세스 | N290: 결함등록기각 | P290: Minor | Q290: 결함등록기각 | R290: 45861.425 | S290: 45866.613
... A359: UT-MESCM021S | B359: 1-2차 | C359: 5 | D359: 모바일(MES) | E359: DEF-01793 | F359: 조회된 건은 12건이나 실제 보이는것은 10건임. | G359: 현업테스트 | H359: 임지훈 | I359: 홍성민 | J359: 임유진 | K359: Online | L359: 결함 | M359: 기능 | N359: 결함등록기각 | P359: Critical | Q359: 결함등록기각 | R359: 45898.571 | S359: 45901.446
A360: UT-MESCM021S | B360: 1-2차 | C360: 6 | D360: 모바일(MES) | E360: DEF-01794 | F360: 조회된 건은 12건으로 표기되나 실제 화면에는 10건만 보임 | G360: 감리테스트 | H360: 임지훈 | I360: 홍성민 | J360: 임유진 | K360: Online | L360: 결함 | M360: 기능 | N360: 결함등록기각 | O360: 원유영 | P360: Critical | Q360: 결함등록기각 | R360: 45898.572 | S360: 45901.446
A361: UT-FP-SP23 | B361: 1-2차 | C361: 6 | D361: 운항계획(FP) | E361: DEF-01810 | F361: 'SP_FP_ESB_ALN_CD_CHECK' 식별자가 정의되어야 합니다. 라는 오류 메시지 출력됨 | G361: 감리테스트 | H361: 장경진 | I361: 이인용 | J361: 박광염 | K361: 프로시져 | L361: 신규 | M361: 프로세스 | N361: 결함등록기각 | P361: Minor | Q361: 결함등록기각 | R361: 45902.47 | S361: 45902.59
A362: UT-FP-SP24 | B362: 1-2차 | C362: 6 | D362: 운항계획(FP) | E362: DEF-01811 | F362: "PLS-00201: 'SP_FP_DALY_FLT_NM_CVT' 식별자가 정의되어야 합니다" 라는 오류 메세지 보여짐 | G362: 감리테스트 | H362: 장경진 | I362: 이인용 | J362: 박광염 | K362: 프로시져 | L362: 신규 | M362: 프로세스 | N362: 결함등록기각 | P362: Minor | Q362: 결함등록기각 | R362: 45902.476 | S362: 45902.591
A363: UT-GO-SP44 | B363: 1-2차 | C363: 6 | D363: 공항운영(GO) | E363: DEF-01818 | F363: 1) 실행시 아래와 같은 오류 발생, PARKZONEID 삭제 후 실행 시 실행은 가능하나 데이터는 존재하지 않음 | G363: 감리테스트 | H363: 신문호 | I363: 정병환 | J363: 이장헌 | K363: 프로시져 | L363: 결함 | M363: 프로세스 | N363: 결함등록기각 | O363: 정연욱 | P363: Major | Q363: 결함등록기각 | R363: 45903.656 | S363: 45904.428
A364: UT-GO-SP86 | B364: 1-2차 | C364: 6 | D364: 공항운영(GO) | E364: DEF-01821 | F364: 스크립트 4) 실행 시 데이터 없음 | G364: 감리테스트 | H364: 신문호 | I364: 박정구 | J364: 이장헌 | K364: 프로시져 | L364: 결함 | M364: 기능 | N364: 결함등록기각 | O364: 정연욱 | P364: Major | Q364: 결함등록기각 | R364: 45903.679 | S364: 45904.43
A365: UT-CM20029M | B365: 1-2차 | C365: 4 | D365: A-CDM(CM) | E365: DEF-01785 | F365: ㅇ 기존 입력건 결함이 아닌것으로 확인되어 기각해주세요. ㅇ 현행과 로직을 변경하여 고도화 시스템에 표출할지 현업의견 확인 필요 - (As-Is) EOBT-3 가 들어오지 않았을 때 팝업화면에서 후속 상황 발생시에도 항공기 운항 진행 현황이 AIR에서 멈춰있음. 그림이 더이상 진행되지 않음. - (To-Be) EOBT-3가 들어오지 않은 상황에서도 후속 진행상황 발생 시 그림을 같이 표현해줄지 검토 필요 | G365: 공사테스트 | H365: 이지연 | I365: 김은정 | J365: 장세민 | K365: Online | L365: 개선/변경 | M365: 프로세스 | N365: 결함등록기각 | P365: Major | Q365: 결함등록기각 | R365: 45898.469 | S365: 45918.651
A366: UT-RSPK040M | B366: 1-2차 | C366: 6 | D366: 자원배정(RS) | E366: DEF-01802 | F366: 전체 항공사 조회 총 개수도 하단의 요청 사항 리스트 조회 개수처럼 표기 하도록 개선 요청 | G366: 감리테스트 | H366: 유경섭 | I366: 장동혁 | J366: 박광염 | K366: Online | L366: 개선/변경 | M366: UI | N366: 결함등록기각 | P366: Minor | Q366: 결함등록기각 | R366: 45901.556 | S366: 45919.74
A367: UT-GO12301S | B367: 1-1차 | C367: 5 | D367: 공항운영(GO) | E367: DEF-01954 | F367: 수정/업로드 기능이 없음. 어떻게 입력하는건지? | G367: 현업테스트 | H367: 신문호 | I367: 김경준 | J367: 홍지원 | K367: Online | L367: 개선/변경 | M367: 기능 | N367: 결함등록기각 | P367: Critical | Q367: 결함등록기각 | R367: 45918.629 | S367: 45922.781
A368: UT-GO12301S | B368: 1-1차 | C368: 5 | D368: 공항운영(GO) | E368: DEF-01956 | F368: (공통오류) 기준년월 달력에서 선택시 값이 사라짐 | G368: 현업테스트 | H368: 신문호 | I368: 김경준 | J368: 홍지원 | K368: Online | L368: 개선/변경 | M368: 기능 | N368: 결함등록기각 | P368: Critical | Q368: 결함등록기각 | R368: 45918.63 | S368: 45922.855
A369: UT-MESCM033M | B369: 1-2차 | C369: 4 | D369: 모바일(MES) | E369: DEF-01976 | F369: 도착편 운항정보 [전체] 기능 기능유지 하기로 현업 확인완료 | G369: 공사테스트 | H369: 임지훈 | I369: 홍성민 | J369: 김도연 | K369: Online | L369: 개선/변경 | M369: 기능 | N369: 결함등록기각 | P369: Minor | Q369: 결함등록기각 | R369: 45918.658 | S369: 45919.439
A370: UT-GO11101S | B370: 1-2차 | C370: 5 | D370: 공항운영(GO) | E370: DEF-01854 | F370: GD에러입력 : 에러사유입력시 체크표시 안됨, 입력된 내용 삭제시 저장안됨 | G370: 현업테스트 | H370: 신문호 | I370: 김경준 | J370: 윤지현 | K370: Online | L370: 개선/변경 | M370: 기능 | N370: 결함등록기각 | P370: Major | Q370: 결함등록기각 | R370: 45916.731 | S370: 45922.788
A371: UT-GO11101S | B371: 1-2차 | C371: 5 | D371: 공항운영(GO) | E371: DEF-01856 | F371: 에러편 에러사유입력시 목록에 검정색으로 표시, 재검증시 빨간색으로 표시 | G371: 현업테스트 | H371: 신문호 | I371: 김경준 | J371: 윤지현 | K371: Online | L371: 결함 | M371: 기능 | N371: 결함등록기각 | P371: Major | Q371: 결함등록기각 | R371: 45916.732 | S371: 45922.602
A372: UT-GO11101S | B372: 1-2차 | C372: 5 | D372: 공항운영(GO) | E372: DEF-01857 | F372: 경유지 10번까지 한번에 볼 수 있게 공간 확보 | G372: 현업테스트 | H372: 신문호 | I372: 김경준 | J372: 윤지현 | K372: Online | L372: 개선/변경 | M372: 기능 | N372: 결함등록기각 | P372: Minor | Q372: 결함등록기각 | R372: 45916.733 | S372: 45943.727
A373: UT-GO11101S | B373: 1-2차 | C373: 5 | D373: 공항운영(GO) | E373: DEF-01858 | F373: 마감설정 시 반영여부 확인 불가 | G373: 현업테스트 | H373: 신문호 | I373: 김경준 | J373: 윤지현 | K373: Online | L373: 개선/변경 | M373: 프로세스 | N373: 결함등록기각 | P373: Minor | Q373: 결함등록기각 | R373: 45916.733 | S373: 45922.601
A374: UT-GO11201S | B374: 1-1차 | C374: 5 | D374: 공항운영(GO) | E374: DEF-01864 | F374: 구간에 RKSI 입력 후 저장시 DATA 사라짐 | G374: 현업테스트 | H374: 신문호 | I374: 박정구 | J374: 윤지현 | K374: Online | L374: 결함 | M374: 기능 | N374: 결함등록기각 | P374: Critical | Q374: 결함등록기각 | R374: 45916.737 | S374: 45922.599
A375: UT-CM-SP33 | B375: 2-2차 | C375: 3 | D375: A-CDM(CM) | E375: DEF-01911 | F375: 스크립트 누락 | G375: 3자테스트 | H375: 이지연 | I375: 이지연 | J375: 윤성훈 | K375: 프로시져 | L375: 개선/변경 | M375: 문서화 | N375: 결함등록기각 | P375: Minor | Q375: 결함등록기각 | R375: 45918.416 | S375: 45918.442
A376: UT-GO11101S | B376: 1-2차 | C376: 5 | D376: 공항운영(GO) | E376: DEF-01913 | F376: 에러가 없는 정상편이 빨간색으로 표시됨 검정색으로 표시요청 | G376: 현업테스트 | H376: 신문호 | I376: 김경준 | J376: 윤지현 | K376: Online | L376: 결함 | M376: 프로세스 | N376: 결함등록기각 | P376: Major | Q376: 결함등록기각 | R376: 45918.432 | S376: 45922.593
... A391: UT-GO13105R | B391: 1-2차 | C391: 5 | D391: 공항운영(GO) | E391: DEF-02094 | F391: 2024 연도로 찍어도, 조회하면 2024-01-01~03-31, (REPORTING PERIOD: 1ST QUARTER) 라고나옴 | G391: 현업테스트 | H391: 신문호 | I391: 김경준 | J391: 홍지원 | K391: Online | L391: 개선/변경 | M391: 데이터 | N391: 결함등록기각 | P391: Critical | Q391: 결함등록기각 | R391: 45924.451 | S391: 45944.88
A392: UT-GO12503R | B392: 1-2차 | C392: 5 | D392: 공항운영(GO) | E392: DEF-02090 | F392: 첨부파일 다운로드 불가능 | G392: 현업테스트 | H392: 신문호 | I392: 정병환 | J392: 김석희 | K392: Online | L392: 결함 | M392: 기능 | N392: 결함등록기각 | O392: 정연욱 | P392: Critical | Q392: 결함등록기각 | R392: 45924.446 | S392: 45945.549
A393: UT-CASY006S | B393: 1-2차 | C393: 5 | D393: 공통관리(FIMS-CA) | E393: DEF-02022 | F393: -버튼의 경우 여러행이 동시에 작업 되도록 개선되나요? (현재는 이미지와 같이 특정 행 - 하고 다른 행 클릭 시 작업중 안내 팝업 뜸) | G393: 현업테스트 | H393: 박영수 | I393: 정연준 | J393: 장수정 | K393: Online | L393: 개선/변경 | M393: 기능 | N393: 결함등록기각 | P393: Minor | Q393: 결함등록기각 | R393: 45919.635 | S393: 46028.585
A394: UT-GO12504R | B394: 1-2차 | C394: 5 | D394: 공항운영(GO) | E394: DEF-02091 | F394: 지연건이 있음에도 표출이 안되고 있음 0건으로 나옴 | G394: 현업테스트 | H394: 신문호 | I394: 정병환 | J394: 김석희 | K394: Online | L394: 결함 | M394: 데이터 | N394: 결함등록기각 | P394: Critical | Q394: 결함등록기각 | R394: 45924.447 | S394: 45945.474
A395: UT-GO13108R | B395: 1-2차 | C395: 5 | D395: 공항운영(GO) | E395: DEF-02099 | F395: 2024 연도로 찍어도, 조회하면 2024-01-01~03-31로 기간이 찍힘 | G395: 현업테스트 | H395: 신문호 | I395: 김경준 | J395: 홍지원 | K395: Online | L395: 개선/변경 | M395: 데이터 | N395: 결함등록기각 | P395: Major | Q395: 결함등록기각 | R395: 45924.51 | S395: 45944.878
A396: UT-GO41202M | B396: 1-2차 | C396: 5 | D396: 공항운영(GO) | E396: DEF-02078 | F396: 해당 기능 필요 없음 | G396: 현업테스트 | H396: 신문호 | I396: 김경준 | J396: 김석희 | K396: Online | L396: 개선/변경 | M396: 기능 | N396: 결함등록기각 | P396: Minor | Q396: 결함등록기각 | R396: 45924.427 | S396: 45925.687
A397: UT-GO41204M | B397: 1-2차 | C397: 5 | D397: 공항운영(GO) | E397: DEF-02081 | F397: 요약 보고서(신) 기능 구현 불가능 | G397: 현업테스트 | H397: 신문호 | I397: 김경준 | J397: 김석희 | K397: Online | L397: 결함 | M397: 기능 | N397: 결함등록기각 | P397: Critical | Q397: 결함등록기각 | R397: 45924.434 | S397: 45945.568
A398: UT-GO41205R | B398: 1-2차 | C398: 5 | D398: 공항운영(GO) | E398: DEF-02082 | F398: 요약보고서 일반현황(리포트) 기능 구현 불가능, 파일 다운로드 확인 불가능 | G398: 현업테스트 | H398: 신문호 | I398: 박정구 | J398: 김석희 | K398: Online | L398: 결함 | M398: 기능 | N398: 결함등록기각 | P398: Critical | Q398: 결함등록기각 | R398: 45924.435 | S398: 45945.531
A399: UT-GO41220R | B399: 1-2차 | C399: 5 | D399: 공항운영(GO) | E399: DEF-02084 | F399: 야간 리포트 생성 불가능 | G399: 현업테스트 | H399: 신문호 | I399: 김경준 | J399: 김석희 | K399: Online | L399: 결함 | M399: 기능 | N399: 결함등록기각 | P399: Critical | Q399: 결함등록기각 | R399: 45924.44 | S399: 45945.569
A400: UT-GO13402R | B400: 1-2차 | C400: 5 | D400: 공항운영(GO) | E400: DEF-02095 | F400: 결함은 아니나 의견, 해당 항공통계보고서(국문, 영문)은 ACI보고서와 큰 차이가 없어보여 삭제해도 될것같음 | G400: 현업테스트 | H400: 신문호 | I400: 박정구 | J400: 홍지원 | K400: Online | L400: 개선/변경 | M400: 기타 | N400: 결함등록기각 | P400: Minor | Q400: 결함등록기각 | R400: 45924.452 | S400: 45925.684
A401: UT-AC01005M | B401: 1-1차 | C401: 4 | D401: 항공기관제(AC) | E401: DEF-00097 | F401: 해당 등록기호가 있는 운항편이 있음에도, 운항편이 없다는 ALERT창이 뜨면서 조회가 안됨 응답속도 문제랑 별개로 올바르지못한 ALERT 창이 뜨는 것 자체부터 개선 필요 | G401: 공사테스트 | H401: 조수일 | I401: 안소정 | J401: 정진성 | K401: Online | L401: 결함 | M401: 기능 | N401: 결함등록기각 | P401: Critical | Q401: 결함등록기각 | R401: 45825.605 | S401: 45839.765
A402: UT-CAMN010M | B402: 1-1차 | C402: 4 | D402: 공통관리(FIMS-CA) | E402: DEF-00235 | F402: -결함내용 시스템메시지관리 영역으로 이관 | G402: 공사테스트 | H402: 박영수 | I402: 정연준 | J402: 장수정 | K402: Online | L402: 결함 | M402: UI | N402: 결함등록기각 | P402: Minor | Q402: 결함등록기각 | R402: 45828.605 | S402: 45841.387
A403: UT-FP-SP116 | B403: 2-2차 | C403: 3 | D403: 운항계획(FP) | E403: DEF-03615 | F403: [S_3] SP_ESB_ARTS3RP_FLTPLAN 호출되지 않음 | G403: 3자테스트 | H403: 장경진 | I403: 이인용 | J403: 최중혁 | K403: 프로시져 | L403: 개선/변경 | M403: 기능 | N403: 결함등록기각 | P403: Major | Q403: 결함등록기각 | R403: 46042.689 | S403: 46043.73
A404: UT-FP-SP113 | B404: 2-2차 | C404: 3 | D404: 운항계획(FP) | E404: DEF-03617 | F404: [S_3] FOIS_AFSDEP 가 호출되지 않음 | G404: 3자테스트 | H404: 장경진 | I404: 이인용 | J404: 최중혁 | K404: 프로시져 | L404: 개선/변경 | M404: 기능 | N404: 결함등록기각 | P404: Major | Q404: 결함등록기각 | R404: 46042.693 | S404: 46043.416
... A722: UT-ES-SP127 | B722: 2-1차 | C722: 3 | D722: 모바일(WES) | E722: DEF-02389 | F722: [X_1] 단위 테스트 시나리오 및 테스트 데이터 필요 (오 입력입니다. 해당 건은 정상처리 부탁드립니다.) | G722: 3자테스트 | H722: 임지훈 | I722: 김용진 | J722: 박상기 | K722: 프로시져 | L722: 개선/변경 | M722: 문서화 | N722: 결함등록기각 | P722: Major | Q722: 결함등록기각 | R722: 45973.475 | S722: 45973.676
A723: UT-AS78101S | B723: 2-2차 | C723: 4 | D723: 항공통계포털(AS) | E723: DEF-04060 | F723: 리포트별 만족도 요약 화면이 필요하고 버전별로 만족도 차이를 확인할 수 있어야 함 | G723: 공사테스트 | H723: 장은성 | I723: 김경준 | J723: 홍석일 | K723: Online | L723: 개선/변경 | M723: 기능 | N723: 재조치요청 | O723: 장은성 | P723: Major | Q723: 재조치요청 | R723: 46064.691 | S723: 46100.592
A724: UT-AS13102M | B724: 2-2차 | C724: 4 | D724: 항공통계포털(AS) | E724: DEF-04068 | F724: 공식통계와 주져별 통계가 구분되도록 표출 | G724: 공사테스트 | H724: 장은성 | I724: 김경준 | J724: 홍석일 | K724: Online | L724: 결함 | M724: 기능 | N724: 재조치요청 | O724: 장은성 | P724: Major | Q724: 재조치요청 | R724: 46064.708 | S724: 46100.6
A725: UT-AS13102M | B725: 2-2차 | C725: 4 | D725: 항공통계포털(AS) | E725: DEF-04071 | F725: 본인 만족도평가 건수, 의견 건수 및 처리현황 확인 기능 필요 | G725: 공사테스트 | H725: 장은성 | I725: 김경준 | J725: 홍석일 | K725: Online | L725: 개선/변경 | M725: 기능 | N725: 재조치요청 | O725: 장은성 | P725: Major | Q725: 재조치요청 | R725: 46064.711 | S725: 46100.615
A726: UT-AS74201S | B726: 2-2차 | C726: 4 | D726: 항공통계포털(AS) | E726: DEF-04074 | F726: 조회 조건에 상태 추가 | G726: 공사테스트 | H726: 장은성 | I726: 김경준 | J726: 홍석일 | K726: Online | L726: 개선/변경 | M726: 기능 | N726: 재조치요청 | O726: 장은성 | P726: Minor | Q726: 재조치요청 | R726: 46064.727 | S726: 46100.621
A727: UT-GO12507R | B727: 2-1차 | C727: 6 | D727: 공항운영(GO) | E727: DEF-03716 | F727: [asia] 데이터 값 순서 상이 (기인보(최교순) 수석님께 조치 결과 전달 요망) | G727: 감리테스트 | H727: 신문호 | I727: 김경준 | J727: 이동현 | K727: Report | L727: 개선/변경 | M727: 데이터 | N727: 재조치요청 | O727: 신문호 | P727: Major | Q727: 재조치요청 | R727: 46044.594 | S727: 46107.468
A728: UT-AS36401S | B728: 2-2차 | C728: 4 | D728: 항공통계포털(AS) | E728: DEF-04130 | F728: 조회결과에 시설구분이 없으므로 T1/T2 조건 제거 | G728: 공사테스트 | H728: 장은성 | I728: 임소정 | J728: 홍석일 | K728: Online | L728: 개선/변경 | M728: 기능 | N728: 재조치요청 | O728: 장은성 | P728: Major | Q728: 재조치요청 | R728: 46065.623 | S728: 46100.659
A729: UT-AS31601S | B729: 2-2차 | C729: 4 | D729: 항공통계포털(AS) | E729: DEF-04048 | F729: 시간대에 숫자다음 문자 제거 | G729: 공사테스트 | H729: 장은성 | I729: 임소정 | J729: 홍석일 | K729: Online | L729: 개선/변경 | M729: 기능 | N729: 재조치요청 | O729: 장은성 | P729: Minor | Q729: 재조치요청 | R729: 46064.666 | S729: 46100.629
A730: UT-AS31801S | B730: 2-2차 | C730: 4 | D730: 항공통계포털(AS) | E730: DEF-04052 | F730: 조회조건 터미널 선택 시 값이 오차남 | G730: 공사테스트 | H730: 장은성 | I730: 임소정 | J730: 홍석일 | K730: Online | L730: 결함 | M730: 기능 | N730: 재조치요청 | O730: 장은성 | P730: Critical | Q730: 재조치요청 | R730: 46064.671 | S730: 46100.637
A731: UT-AS37601S | B731: 2-2차 | C731: 4 | D731: 항공통계포털(AS) | E731: DEF-04110 | F731: 조회조건 T1/T2 제거. 조회결과가 시설 구분 안됨 | G731: 공사테스트 | H731: 장은성 | I731: 김경준 | J731: 홍석일 | K731: Online | L731: 개선/변경 | M731: 기능 | N731: 재조치요청 | O731: 장은성 | P731: Minor | Q731: 재조치요청 | R731: 46065.602 | S731: 46100.758
A732: UT-MESMF201S | B732: 2-3차 | C732: 3 | D732: 모바일(MES) | E732: DEF-04587 | F732: [S_5] [S_10] '+', '-' 버튼이 보이지 않습니다(표출 선행조건이 있는 것인지 모르겠습니다). | G732: 3자테스트 | H732: 임지훈 | I732: 임지훈 | J732: 3자테스터공통 | K732: Online | L732: 개선/변경 | M732: 기능 | N732: 조치요청 | O732: 임지훈 | P732: Major | Q732: 조치요청 | R732: 46106.4 | S732: 46107.596
A733: UT-MESMF201S | B733: 2-3차 | C733: 3 | D733: 모바일(MES) | E733: DEF-04588 | F733: [S_7] 단위테스트결과서상에는 '최종' 변경자/변경일시로 기재되어 있으나 실제론 '최초' 변경자/변경일시로 기재되어 있습니다. 확인 부탁드립니다. | G733: 3자테스트 | H733: 임지훈 | I733: 임지훈 | J733: 3자테스터공통 | K733: Online | L733: 개선/변경 | M733: UI | N733: 조치요청 | O733: 임지훈 | P733: Minor | Q733: 조치요청 | R733: 46106.403 | S733: 46107.596
A734: UT-MESMF201S | B734: 2-3차 | C734: 3 | D734: 모바일(MES) | E734: DEF-04590 | F734: [S_9] 통계수집 버튼이 동작하지 않는데(클릭 시에도 반응이 없는데), 테스트 환경상 동작하지 않는 것인지 확인 부탁드립니다. | G734: 3자테스트 | H734: 임지훈 | I734: 임지훈 | J734: 3자테스터공통 | K734: Online | L734: 결함 | M734: 기능 | N734: 조치요청 | O734: 임지훈 | P734: Major | Q734: 조치요청 | R734: 46106.405 | S734: 46107.594
... A804: UT-CPCI014S | B804: 2-3차 | C804: 3 | D804: 비상계획(CP) | E804: DEF-04551 | F804: 1.데이터 수정,삽입,사용제한 및 충도정보,삭제,엑셀처리 안됨 | G804: 3자테스트 | H804: 장경진 | I804: 이영석 | J804: 3자테스터공통 | K804: Online | L804: 개선/변경 | M804: 기능 | N804: 조치요청 | O804: 이영석 | P804: Minor | Q804: 조치요청 | R804: 46105.599 | S804: 46106.666
A805: UT-AC08006S | B805: 1-1차 | C805: 2 | D805: 항공기관제(AC) | E805: DEF-00015 | F805: 고도 행추가후 Route, 고도 미입력 상태에서 저장시 필수값 안내문구에 항목명이 정의되지 않음 오류 | G805: PL테스트 | H805: 조수일 | I805: 구혜지 | J805: 조수일 | K805: Online | L805: 결함 | M805: 기능 | N805: 최종확인 | P805: Minor | Q805: 최종확인 | R805: 45744.686 | S805: 45747.695
A806: UT-MESMF052M | B806: 1-1차 | C806: 2 | D806: 모바일(MES) | E806: DEF-00018 | F806: 첨부파일 공통기능 (첨부파일 팝업) 활용하여 구현 요망 (FIMS CA에서 구현된 공통기능 확인후 적용 요망) | G806: PL테스트 | H806: 임지훈 | I806: 홍성민 | J806: 윤현식 | K806: Online | L806: 개선/변경 | M806: 기능 | N806: 최종확인 | P806: Minor | Q806: 최종확인 | R806: 45751.744 | S806: 45758.6
A807: UT-AC01003M | B807: 1-1차 | C807: 4 | D807: 항공기관제(AC) | E807: DEF-00091 | F807: CONTROLLER와 SUPERVISOR를 입력 후 다시 CONTROLLER/SUPERVISOR 입력 창을 열었을 때 SUPSERVISOR가 공란으로 표시됨 * 아마도 CONTROLLER도 공란으로 표시되는 경우도 있으니 같이 점검 필요 | G807: 공사테스트 | H807: 조수일 | I807: 안소정 | J807: 정진성 | K807: Online | L807: 결함 | M807: 기능 | N807: 최종확인 | P807: Minor | Q807: 최종확인 | R807: 45825.592 | S807: 45870.421
A808: UT-AC01004M | B808: 1-1차 | C808: 4 | D808: 항공기관제(AC) | E808: DEF-00094 | F808: 해당 등록기호가 있는 운항편이 있음에도, 운항편이 없다는 ALERT창이 뜨면서 조회가 안됨 응답속도 문제랑 별개로 올바르지못한 ALERT 창이 뜨는 것 자체부터 개선 필요 | G808: 공사테스트 | H808: 조수일 | I808: 안소정 | J808: 정진성 | K808: Online | L808: 결함 | M808: 기능 | N808: 최종확인 | P808: Critical | Q808: 최종확인 | R808: 45825.597 | S808: 45870.423
A809: UT-AC01005M | B809: 1-1차 | C809: 4 | D809: 항공기관제(AC) | E809: DEF-00095 | F809: FLT 검색 후 다시 전체 조회를 위해 공란("") 입력 후 ENTER 입력 시 조회 안됨 (SEARCH 버튼을 클리해야만 조회됨) | G809: 공사테스트 | H809: 조수일 | I809: 안소정 | J809: 정진성 | K809: Online | L809: 개선/변경 | M809: 기능 | N809: 최종확인 | P809: Minor | Q809: 최종확인 | R809: 45825.604 | S809: 45870.424
A810: UT-RSCI005S | B810: 1-1차 | C810: 2 | D810: 자원배정(RS) | E810: DEF-00004 | F810: 여러개를 선택후 삭제시 일부만 삭제처리됨 여러개를 선택후 추가시 일부만 추가됨 | G810: PL테스트 | H810: 유경섭 | I810: 이수연 | J810: 유경섭 | K810: Online | L810: 결함 | M810: 기능 | N810: 최종확인 | P810: Minor | Q810: 최종확인 | R810: 45734.626 | S810: 45755.631
A811: UT-PUSHTR002S | B811: 1-1차 | C811: 2 | D811: 푸시SW(PUSH) | E811: DEF-00001 | F811: 1. 단위시스템 ID SELECT BOX 등록안됨 2. 모듈 ID SELECT BOX 등록안됨 3. 사용여부 조회 조건 동작 X | G811: PL테스트 | H811: 정민오 | I811: 박행복 | J811: 정민오 | K811: Online | L811: 결함 | M811: 기능 | N811: 최종확인 | P811: Major | Q811: 최종확인 | R811: 45728.419 | S811: 45765.626
A812: UT-RSCI026S | B812: 1-1차 | C812: 2 | D812: 자원배정(RS) | E812: DEF-00005 | F812: 초기화면에서 '2025'년도, SUMMER가 선택되어야 합니다. | G812: PL테스트 | H812: 유경섭 | I812: 이수연 | J812: 유경섭 | K812: Online | L812: 개선/변경 | M812: 기능 | N812: 최종확인 | P812: Minor | Q812: 최종확인 | R812: 45739.719 | S812: 45741.586
A813: UT-RSCI026S | B813: 1-1차 | C813: 2 | D813: 자원배정(RS) | E813: DEF-00007 | F813: 1. Mode Request시 Remark 좌측정렬 2. From 변경시 From To 벨류데이션 체크로직 미작동 | G813: PL테스트 | H813: 유경섭 | I813: 이수연 | J813: 유경섭 | K813: Online | L813: 결함 | M813: 기능 | N813: 최종확인 | P813: Minor | Q813: 최종확인 | R813: 45742.649 | S813: 45743.654
A814: UT-RSCI026S | B814: 1-1차 | C814: 2 | D814: 자원배정(RS) | E814: DEF-00008 | F814: 조회조건 Effect Date 선택 후 조회시 Effect Date ALL 로 바뀜 | G814: PL테스트 | H814: 유경섭 | I814: 이수연 | J814: 유경섭 | K814: Online | L814: 결함 | M814: 기능 | N814: 최종확인 | P814: Minor | Q814: 최종확인 | R814: 45742.652 | S814: 45743.655
A815: UT-RSCI026S | B815: 1-1차 | C815: 2 | D815: 자원배정(RS) | E815: DEF-00009 | F815: AsnGrp 설정 후 해당로우 Clear시 해당 로우 미수정행으로 인식하여야 하나 수정행으로 인식하여 저장되는 현상 | G815: PL테스트 | H815: 유경섭 | I815: 이수연 | J815: 유경섭 | K815: Online | L815: 결함 | M815: 기능 | N815: 최종확인 | P815: Minor | Q815: 최종확인 | R815: 45742.657 | S815: 45743.655
A816: UT-RSCR004S | B816: 1-1차 | C816: 2 | D816: 자원배정(RS) | E816: DEF-00010 | F816: 그리드 내 숫자컬럼 맥스길이 및 숫자제외 입력 불가하게 수정 | G816: PL테스트 | H816: 유경섭 | I816: 장동혁 | J816: 유경섭 | K816: Online | L816: 결함 | M816: 기능 | N816: 최종확인 | P816: Minor | Q816: 최종확인 | R816: 45742.664 | S816: 45743.382
... A1097: UT-SLOTBI005S | B1097: 1-1차 | C1097: 4 | D1097: SLOT관리(SLOT) | E1097: DEF-00284 | F1097: (오류 팝업 개선 의견) ㅇ 필수값 외의 값을 빈 칸으로 입력하면 제약조건 위반 팝업이 뜨지만 어떤 조건에 의해 팝업이 떴는지 알기 어려움 | G1097: 공사테스트 | H1097: 김형진 | I1097: 서창민 | J1097: 송희영 | K1097: Online | L1097: 개선/변경 | M1097: UI | N1097: 최종확인 | P1097: Minor | Q1097: 최종확인 | R1097: 45828.879 | S1097: 45848.451
A1098: UT-CASY015S | B1098: 1-1차 | C1098: 4 | D1098: 공통관리(FIMS-CA) | E1098: DEF-00286 | F1098: Role,UserIP 정렬한 상태가 다른 화면(다른 사용자 계정)에서도 유지됨 Department 부서 값 초기화(삭제) 기능 필요, Duty Spread Department 처럼 조회시 Department 를 설정했다가 backspace로 지우고 다른 조건으로 조회할 경우 뭔가 이상함.. 조회가 안됨 (아무것도 값 안넣었을때는 department값이 없는거처럼 1가지는 입력하라고 하는데..?? userID 에 iiac 입력하면 조회가 안됨(현재 3~4명 있음) 조회영역에서 department 조회하여 입력한후(창 닫은후) 다시 창 열면 조건이 그대로 남아있음. 초기화 되어야 함 조회영역에 조회조건 입력값 일괄 초기화 버튼(기능) 있었으면 | G1098: 공사테스트 | H1098: 박영수 | I1098: 최민지 | J1098: 장수정 | K1098: Online | L1098: 개선/변경 | M1098: UI | N1098: 최종확인 | O1098: 최민지 | P1098: Minor | Q1098: 최종확인 | R1098: 45831.474 | S1098: 45919
A1099: UT-FSQA171E | B1099: 1-1차 | C1099: 4 | D1099: 항공보안(FS) | E1099: DEF-00287 | F1099: 값 입력 시 제약조건maxlength 제한없음(저장 시 팝업이 뜨나 해당 오류에 알맞은 내용의 메시지가 아님) 음수 입력 가능 | G1099: 공사테스트 | H1099: 임소정 | I1099: 임소정 | J1099: 장수정 | K1099: Online | L1099: 결함 | M1099: UI | N1099: 최종확인 | P1099: Minor | Q1099: 최종확인 | R1099: 45831.547 | S1099: 45894.545
A1100: UT-FSQA171E | B1100: 1-1차 | C1100: 4 | D1100: 항공보안(FS) | E1100: DEF-00288 | F1100: 정렬 기능 이상 (FS 1차 전체적으로 이상) | G1100: 공사테스트 | H1100: 임소정 | I1100: 임소정 | J1100: 장수정 | K1100: Online | L1100: 결함 | M1100: UI | N1100: 최종확인 | P1100: Minor | Q1100: 최종확인 | R1100: 45831.547 | S1100: 45894.356
A1101: UT-FSQA180S | B1101: 1-1차 | C1101: 4 | D1101: 항공보안(FS) | E1101: DEF-00289 | F1101: 비율 계산 이상 (전체 합 104%) | G1101: 공사테스트 | H1101: 임소정 | I1101: 임소정 | J1101: 장수정 | K1101: Online | L1101: 결함 | M1101: UI | N1101: 최종확인 | P1101: Minor | Q1101: 최종확인 | R1101: 45831.548 | S1101: 45894.547
A1102: UT-FSQA180S | B1102: 1-1차 | C1102: 4 | D1102: 항공보안(FS) | E1102: DEF-00291 | F1102: 처리정보 입력 저장시, 입력되어 있던 검색기간으로 조회되면서 저장이 됨 입력 정보 일자 기준으로 조회된다거나 초기 설정 기간 정보(최근 한달)로 조회되는 등으로 현업부서 의견 반영하여 조치 필요 (조회기능있는 1차테스트대상 기능 전체적으로 그럼) | G1102: 공사테스트 | H1102: 임소정 | I1102: 임소정 | J1102: 장수정 | K1102: Online | L1102: 개선/변경 | M1102: UI | N1102: 최종확인 | P1102: Minor | Q1102: 최종확인 | R1102: 45831.555 | S1102: 45894.356
A1103: UT-FSEX050S | B1103: 1-1차 | C1103: 4 | D1103: 항공보안(FS) | E1103: DEF-00292 | F1103: 검색기간 키보드 입력 시 이상(작성창도 이상) 예)2025-03-04 에서 2025 앞에 커서두고 3 입력시 3025-03-04로 됨 3333 입력시 3333-03-04 됨 03앞에 3 입력시 2025-303-04 됨 04앞에 5 입력시 2025-03-05가 됨 혹은 키가 먹힘 35 입력하면 05로 표시됨 (03 드래그 한채로 33 입력한 경우는 2025-33-04로 됨) 3333-410-05 으로 조회 실행(3333-10-05로 바껴짐) *직전 조회조건으로 조회되는 듯 >> 위배되는 값이여도 (3333년30월40일) 3333-30-40 4글자-2글자-2글자 로 입력되도록 | G1103: 공사테스트 | H1103: 임소정 | I1103: 임소정 | J1103: 장수정 | K1103: Online | L1103: 결함 | M1103: UI | N1103: 최종확인 | P1103: Minor | Q1103: 최종확인 | R1103: 45831.556 | S1103: 45890.754
A1104: UT-AC01002M | B1104: 1-1차 | C1104: 4 | D1104: 항공기관제(AC) | E1104: DEF-00293 | F1104: POSITION 버튼 눌렀을때 관제석 리스트 드랍박스가 펼쳐진채로 보여지도록 개선 검토 | G1104: 공사테스트 | H1104: 조수일 | I1104: 안소정 | J1104: 최기현 | K1104: Online | L1104: 개선/변경 | M1104: 인터페이스 | N1104: 최종확인 | P1104: Minor | Q1104: 최종확인 | R1104: 45831.586 | S1104: 45924.427
A1105: UT-RSPK015S | B1105: 1-1차 | C1105: 4 | D1105: 자원배정(RS) | E1105: DEF-00247 | F1105: (입력폼 제약조건 변경필요) ㅇ 증상 : Stand에 239R 입력 시도시 239까지만 입력됨 | G1105: 공사테스트 | H1105: 유경섭 | I1105: 김훈근 | J1105: 송희영 | K1105: Online | L1105: 결함 | M1105: 기능 | N1105: 최종확인 | P1105: Major | Q1105: 최종확인 | R1105: 45828.654 | S1105: 45847.656
A1106: UT-CASY003S | B1106: 1-1차 | C1106: 4 | D1106: 공통관리(FIMS-CA) | E1106: DEF-00248 | F1106: munu추가시 아이디 길이 제약조건 없이 저장되는데 상세조회(클릭)시 클릭한 아이디 길이를 계속 팝업으로 알려줌 (클릭 패턴이 있음....) | G1106: 공사테스트 | H1106: 박영수 | I1106: 최민지 | J1106: 장수정 | K1106: Online | L1106: 결함 | M1106: UI | N1106: 최종확인 | P1106: Minor | Q1106: 최종확인 | R1106: 45828.654 | S1106: 45881.661
A1107: UT-CASY005S | B1107: 1-1차 | C1107: 4 | D1107: 공통관리(FIMS-CA) | E1107: DEF-00261 | F1107: 모듈 아이디가 HH가 선택된 상황에서 디스크립션에 테스트란 단어를 많이 복사 붙여넣기 하고 저장시 에러뜸 데이터 예외사항입니다. 라는 에러창이 애매함 칼럼 길이가 걸리면 글자수 에러를 띄워주거나 에러 종류 확인 요 | G1107: 공사테스트 | H1107: 박영수 | I1107: 정연준 | J1107: 장수정 | K1107: Online | L1107: 결함 | M1107: 기능 | N1107: 최종확인 | P1107: Minor | Q1107: 최종확인 | R1107: 45828.692 | S1107: 45880.686
A1108: UT-RSCI001S | B1108: 1-1차 | C1108: 4 | D1108: 자원배정(RS) | E1108: DEF-00262 | F1108: (삭제 오류) ㅇ 증상 : AAP 조업사에 AA항공사 저장 후 삭제 시도시, 체크박스 체크 전에는 AA항공사가 보이나 AA 체크 후 - 버튼 클릭시 항공사가 CJ로 변경됨. 이 상태에서 SAVE를 눌러 삭제를 진행하면 다시 항공사가 AA로 변경되나, DB에 AA가 계속 남아있음 | G1108: 공사테스트 | H1108: 유경섭 | I1108: 이수연 | J1108: 송희영 | K1108: Online | L1108: 결함 | M1108: 기능 | N1108: 최종확인 | P1108: Critical | Q1108: 최종확인 | R1108: 45828.695 | S1108: 45847.668
A1109: UT-RSCI101S | B1109: 1-1차 | C1109: 4 | D1109: 자원배정(RS) | E1109: DEF-00269 | F1109: (필수값 변경) ㅇ 현재 : 항공사, 대륙, CIC ZONE이 필수값으로 지정되어 있음 ㅇ 변경 : 항공사, CIC ZONE 필수값으로 사용(대륙 제외) * 현재 대한항공이 대륙, 국가, 목적지 무관하게 A B C D E 사용중. | G1109: 공사테스트 | H1109: 유경섭 | I1109: 이수연 | J1109: 송희영 | K1109: Online | L1109: 개선/변경 | M1109: 데이터 | N1109: 최종확인 | P1109: Minor | Q1109: 최종확인 | R1109: 45828.797 | S1109: 45868.663
A1110: UT-RSCI101S | B1110: 1-1차 | C1110: 4 | D1110: 자원배정(RS) | E1110: DEF-00270 | F1110: (중복 체크 변경) ㅇ 현재 : 시작일-종료일과 무관하게 CIC ZONE이 중복되면 중복처리됨 ㅇ 변경 : 동일한 항공사, CICZONE의 시작일-종료일이 1일 이상 겹치면 중복 | G1110: 공사테스트 | H1110: 유경섭 | I1110: 이수연 | J1110: 송희영 | K1110: Online | L1110: 개선/변경 | M1110: 기능 | N1110: 최종확인 | P1110: Minor | Q1110: 최종확인 | R1110: 45828.805 | S1110: 45868.665
... A1611: UT-CASY035S(A) | B1611: 1-2차 | C1611: 4 | D1611: 공통관리(AOMS-CA) | E1611: DEF-01132 | F1611: Request Approval 화면에서 처리완료(승인,거절 모두 포함)/취소 건 제외하고 보기 기능 추가 요청 (체크박스로) ㅁ처리완료/취소 건 제외 | G1611: 공사테스트 | H1611: 박영수 | I1611: 최민지 | J1611: 장수정 | K1611: Online | L1611: 개선/변경 | M1611: 기능 | N1611: 최종확인 | P1611: Minor | Q1611: 최종확인 | R1611: 45881.445 | S1611: 45891.422
A1612: UT-CASY037S(A) | B1612: 1-2차 | C1612: 4 | D1612: 공통관리(AOMS-CA) | E1612: DEF-01135 | F1612: COde List에 SO 로 시작하는 코드들 사용하는 코드인지 확인 요청 그외 코드들 전체적으로 확인 필요 | G1612: 공사테스트 | H1612: 박영수 | I1612: 최민지 | J1612: 장수정 | K1612: Online | L1612: 결함 | M1612: 데이터 | N1612: 최종확인 | O1612: 김태훈 | P1612: Minor | Q1612: 최종확인 | R1612: 45881.474 | S1612: 45918
...

Sheet Sheet1
U1: 결함ID
U2: DEF-00097 | V2: DEF-00097
A3: 행 레이블 | B3: 개수 : 프로그램ID | U3: DEF-00235 | V3: DEF-00235
A4: 1 | B4: 274 | C4: =COUNTIFS('테스트 결함목록'!$D:$D,Sheet1!A4) -> 0 | D4: =C4/B4 -> 0 | U4: DEF-00236 | V4: DEF-00236
A5: 2 | B5: 507 | C5: =COUNTIFS('테스트 결함목록'!$D:$D,Sheet1!A5) -> 0 | D5: =C5/B5 -> 0 | U5: DEF-00467 | V5: DEF-00467
A6: 4 | B6: 685 | C6: =COUNTIFS('테스트 결함목록'!$D:$D,Sheet1!A6) -> 0 | D6: =C6/B6 -> 0 | U6: DEF-00482 | V6: DEF-00482
A7: 5 | B7: 651 | C7: =COUNTIFS('테스트 결함목록'!$D:$D,Sheet1!A7) -> 0 | D7: =C7/B7 -> 0 | I7: 업무모듈 | J7: 1차 결함 | K7: 1차 개선 | L7: 2차 결함 | M7: 2차 개선 | N7: 총 결함 | U7: DEF-00504 | V7: DEF-00504
A8: 6 | B8: 496 | C8: =COUNTIFS('테스트 결함목록'!$D:$D,Sheet1!A8) -> 0 | D8: =C8/B8 -> 0 | I8: A-CDM(CM) | J8: 13 | K8: 37 | L8: 75 | M8: 82 | N8: 88 | U8: DEF-00522 | V8: DEF-00522
A9: 총합계 | B9: 2613 | C9: =COUNTIFS('테스트 결함목록'!$D:$D,Sheet1!A9) -> 0 | D9: =C9/B9 -> 0 | I9: SLOT관리(SLOT) | J9: 98 | K9: 36 | L9: 21 | M9: 8 | N9: 119 | U9: DEF-00527 | V9: DEF-00527
C10: =COUNTIFS('테스트 결함목록'!$D:$D,Sheet1!A10) -> 0 | D10: =C10/B10 -> #DIV/0! | I10: 공통관리(AOMS-CA) | J10: 121 | K10: 87 | L10: 83 | M10: 27 | N10: 204 | U10: DEF-00531 | V10: DEF-00531
C11: =COUNTIFS('테스트 결함목록'!$D:$D,Sheet1!A11) -> 0 | D11: =C11/B11 -> #DIV/0! | I11: 공통관리(FIMS-CA) | J11: 99 | K11: 76 | L11: 84 | M11: 82 | N11: 183 | U11: DEF-00614 | V11: DEF-00614
C12: =COUNTIFS('테스트 결함목록'!$D:$D,Sheet1!A12) -> 0 | D12: =C12/B12 -> #DIV/0! | I12: 공항운영(GO) | J12: 206 | K12: 133 | L12: 213 | M12: 67 | N12: 419 | U12: DEF-00784 | V12: DEF-00784
C13: =COUNTIFS('테스트 결함목록'!$D:$D,Sheet1!A13) -> 0 | D13: =C13/B13 -> #DIV/0! | I13: 모바일(MES) | J13: 58 | K13: 62 | L13: 52 | M13: 117 | N13: 110 | U13: DEF-00792 | V13: DEF-00792
C14: =COUNTIFS('테스트 결함목록'!$D:$D,Sheet1!A14) -> 0 | D14: =C14/B14 -> #DIV/0! | I14: 모바일(WES) | J14: 20 | K14: 36 | L14: 128 | M14: 124 | N14: 148 | U14: DEF-00797 | V14: DEF-00797
C15: =COUNTIFS('테스트 결함목록'!$D:$D,Sheet1!A15) -> 0 | D15: =C15/B15 -> #DIV/0! | I15: 비상계획(CP) | J15: 0 | K15: 0 | L15: 15 | M15: 29 | N15: 15 | U15: DEF-00831 | V15: DEF-00831
C16: =COUNTIFS('테스트 결함목록'!$D:$D,Sheet1!A16) -> 0 | D16: =C16/B16 -> #DIV/0! | I16: 예측관리(PM) | J16: 46 | K16: 43 | L16: 62 | M16: 57 | N16: 108 | U16: DEF-00833 | V16: DEF-00833
C17: =COUNTIFS('테스트 결함목록'!$D:$D,Sheet1!A17) -> 0 | D17: =C17/B17 -> #DIV/0! | I17: 운항계획(FP) | J17: 72 | K17: 57 | L17: 75 | M17: 113 | N17: 147 | U17: DEF-00839 | V17: DEF-00839
C18: =COUNTIFS('테스트 결함목록'!$D:$D,Sheet1!A18) -> 0 | D18: =C18/B18 -> #DIV/0! | I18: 자원배정(RS) | J18: 95 | K18: 65 | L18: 98 | M18: 66 | N18: 193 | U18: DEF-00840 | V18: DEF-00840
C19: =COUNTIFS('테스트 결함목록'!$D:$D,Sheet1!A19) -> 0 | D19: =C19/B19 -> #DIV/0! | I19: 자원배정엔진(RE) | J19: 3 | K19: 3 | L19: 4 | M19: 7 | N19: 7 | U19: DEF-00850 | V19: DEF-00850
C20: =COUNTIFS('테스트 결함목록'!$D:$D,Sheet1!A20) -> 0 | D20: =C20/B20 -> #DIV/0! | I20: 자원배정차트(RC) | J20: 59 | K20: 30 | L20: 30 | M20: 26 | N20: 89 | U20: DEF-00855 | V20: DEF-00855
C21: =SUM(C4:C20) -> 0 | D21: =C21/B21 -> #DIV/0! | I21: 푸시SW(PUSH) | J21: 4 | K21: 1 | L21: 0 | M21: 0 | N21: 4 | U21: DEF-00888 | V21: DEF-00888
I22: 항공기관제(AC) | J22: 84 | K22: 70 | L22: 116 | M22: 86 | N22: 200 | U22: DEF-00889 | V22: DEF-00889
I23: 항공보안(FS) | J23: 153 | K23: 102 | L23: 40 | M23: 40 | N23: 193 | U23: DEF-00892 | V23: DEF-00892
I24: 항공통계포털(AS) | J24: 0 | K24: 0 | L24: 122 | M24: 79 | N24: 122 | U24: DEF-00893 | V24: DEF-00893
J25: =SUM(J8:J24) -> 1131 | K25: =SUM(K8:K24) -> 838 | L25: =SUM(L8:L24) -> 1218 | M25: =SUM(M8:M24) -> 1010 | N25: =SUM(N8:N24) -> 2349 | U25: DEF-00894 | V25: DEF-00894
U26: DEF-00895 | V26: DEF-00895
U27: DEF-00911 | V27: DEF-00911
U28: DEF-00915 | V28: DEF-00915
U29: DEF-00916 | V29: DEF-00916
U30: DEF-00917 | V30: DEF-00917
U31: DEF-00955 | V31: DEF-00955
U32: DEF-00962 | V32: DEF-00962
U33: DEF-00986 | V33: DEF-00986
U34: DEF-00993 | V34: DEF-00993
U35: DEF-01032 | V35: DEF-01032
U36: DEF-01033 | V36: DEF-01033
U37: DEF-01059 | V37: DEF-01059
... U445: DEF-04708 | V445: DEF-04720
U446: DEF-04720

Sheet 테스트시나리오목록
A1: 업무 | B1: 업무분류1 | C1: 업무분류2 | D1: 기능유형 | E1: 프로그램ID | F1: 프로그램명 | G1: 개발자 | H1: 개발완료계획일 | I1: 개발완료일 | J1: UT_SN_ID | K1: 차수 | L1: 순번 | M1: 3자테스트완료일 | N1: 3자TEST결과 | O1: 순수결함건수 | P1: 3자테스터명 | Q1: 3자최종결과 | R1: 공사테스트완료계획일 | S1: 공사테스트완료일 | T1: 공사테스트결과 | U1: 순수결함건수(공사) | V1: 공사테스터명 | W1: 공사최종결과 | X1: 현업테스트완료계획일 | Y1: 현업테스트완료일 | Z1: 현업테스트결과 | AA1: 순수결함건수(현업) | AB1: 현업테스터명 | AC1: 현업최종결과 | AD1: 감리테스트완료일 | AE1: 감리테스트결과 | AF1: 순수결함건수(감리)
A2: 운항계획(FP) | B2: 기타 | C2: 기타 | D2: 프로시져 | E2: FP-SP23 | F2: SP_FP_ESB_ALN_CD_CHECK,현행운항 항공사코드 등록여부 검사 | G2: 이인용 | H2: 45730 | I2: 45728 | J2: UT-FP-SP23 | K2: 1차 | L2: 2 | M2: 45874 | N2: P | O2: 0 | P2: 이준일 | Q2: P | R2: 45890 | S2: 45891 | T2: P | U2: 0 | V2: 송희영 | W2: P | X2: 45898 | AA2: 0 | AB2: 현업테스터 | AD2: 45952 | AE2: P | AF2: P
A3: 운항계획(FP) | B3: 기타 | C3: 기타 | D3: 프로시져 | E3: FP-SP27 | F3: SP_ESB_BHS_MSA_CSDL,ESB 현행BHS MSA CSDL 메시지수신 | G3: 이인용 | H3: 45737 | I3: 45730 | J3: UT-FP-SP27 | K3: 1차 | L3: 2 | M3: 45874 | N3: P | O3: 0 | P3: 이준일 | Q3: P | R3: 45890 | S3: 45894 | T3: F | U3: 0 | V3: 송희영 | W3: P | X3: 45898 | AA3: 0 | AB3: 현업테스터 | AD3: 45902 | AE3: P | AF3: P
A4: 운항계획(FP) | B4: 기타 | C4: 기타 | D4: 프로시져 | E4: FP-SP34 | F4: SP_FP_ENGINE_COMPLETE,자원배정 완료 후 EAI 메시지처리 | G4: 이인용 | H4: 45751 | I4: 45737.551 | J4: UT-FP-SP34 | K4: 1차 | L4: 2 | M4: 45874 | N4: P | O4: 0 | P4: 이준일 | Q4: P | R4: 45890 | S4: 45891 | T4: F | U4: 0 | V4: 송희영 | W4: P | X4: 45898 | AA4: 0 | AB4: 현업테스터 | AD4: 45902 | AE4: P | AF4: P
A5: 운항계획(FP) | B5: 기타 | C5: 기타 | D5: 프로시져 | E5: FP-SP36 | F5: SP_ESB_AARS_ADM,ESB 현행AARS ADM 메시지수신 | G5: 이인용 | H5: 45758 | I5: 45737 | J5: UT-FP-SP36 | K5: 1차 | L5: 2 | M5: 45874 | N5: P | O5: 0 | P5: 이준일 | Q5: P | R5: 45890 | S5: 45891 | T5: F | U5: 0 | V5: 송희영 | W5: P | X5: 45898 | AA5: 0 | AB5: 현업테스터 | AD5: 45902 | AE5: P | AF5: P
A6: 항공기관제(AC) | B6: 기타 | C6: 기타 | D6: 프로시져 | E6: AC-SP12 | F6: SP_AC_GS_MOVE_DTA_SORT, 항공기 지상이동정보 생성 | G6: 이용혁 | H6: 45758 | I6: 45721.607 | J6: UT-AC-SP12 | K6: 1차 | L6: 1 | M6: 45874 | N6: P | O6: 0 | P6: 윤성훈 | Q6: P | R6: 45890 | S6: 45881 | T6: P | U6: 0 | V6: 정진성 | W6: P | X6: 45898 | AA6: 0 | AB6: 최기현 | AD6: 45903 | AE6: P | AF6: P
A7: 항공기관제(AC) | B7: 기타 | C7: 기타 | D7: 프로시져 | E7: AC-SP13 | F7: SP_AC_PREDACMVT_SND, PAM 메시지 송신 | G7: 이용혁 | H7: 45793 | I7: 45726.592 | J7: UT-AC-SP13 | K7: 1차 | L7: 1 | M7: 45881 | N7: P | O7: 0 | P7: 윤성훈 | Q7: P | R7: 45890 | S7: 45881 | T7: P | U7: 0 | V7: 정진성 | W7: P | X7: 45898 | AA7: 0 | AB7: 최기현 | AD7: 45903 | AE7: P | AF7: P
A8: 항공기관제(AC) | B8: 기타 | C8: 기타 | D8: 프로시져 | E8: AC-SP14 | F8: SP_AC_GRDACMVT_SND, 항공기 지상이동정보 송신 | G8: 이용혁 | H8: 45842 | I8: 45726.592 | J8: UT-AC-SP14 | K8: 1차 | L8: 2 | M8: 45874 | N8: P | O8: 0 | P8: 윤성훈 | Q8: P | R8: 45890 | S8: 45881 | T8: P | U8: 0 | V8: 정진성 | W8: P | X8: 45898 | AA8: 0 | AB8: 최기현 | AD8: 45903 | AE8: P | AF8: P
A9: 항공기관제(AC) | B9: 관제현황관리 | C9: Statistics Data | D9: Online | E9: AC06001S | F9: TOWING | G9: 구혜지 | H9: 46024 | I9: 46029.721 | J9: UT-AC06001S | K9: 2차 | L9: 5 | M9: 46043 | N9: P | O9: 0 | P9: 3자테스터공통 | Q9: P | R9: 46055 | S9: 46064 | T9: P | U9: 0 | V9: 정진성 | W9: P | X9: 46084 | Y9: 46093 | Z9: F | AA9: 0 | AB9: 최기현 | AC9: F
A10: 항공기관제(AC) | B10: 관제현황관리 | C10: Statistics Data | D10: Online | E10: AC06002S | F10: DE-ICING | G10: 구혜지 | H10: 46066 | I10: 45932.445 | J10: UT-AC06002S | K10: 2차 | L10: 6 | O10: 0 | P10: 3자테스터공통 | R10: 46118 | U10: 0 | V10: 정진성 | X10: 46132 | AA10: 0 | AB10: 최기현
A11: 항공기관제(AC) | B11: 관제현황관리 | C11: Statistics Data | D11: Online | E11: AC06007S | F11: TRAFFIC | G11: 구혜지 | H11: 46045 | I11: 45932.446 | J11: UT-AC06007S | K11: 2차 | L11: 5 | M11: 46041 | N11: P | O11: 0 | P11: 3자테스터공통 | Q11: P | R11: 46055 | S11: 46064 | T11: P | U11: 0 | V11: 정진성 | W11: P | X11: 46084 | Y11: 46093 | Z11: F | AA11: 0 | AB11: 최기현 | AC11: P | AD11: 46106 | AE11: P | AF11: P
A12: 항공기관제(AC) | B12: 관제업무설정 | C12: Setting | D12: Online | E12: AC08001S | F12: NOTAM REGISTER | G12: 구혜지 | H12: 46081 | I12: 45827.419 | J12: UT-AC08001S | K12: 2차 | L12: 5 | M12: 46041 | N12: P | O12: 0 | P12: 3자테스터공통 | Q12: P | R12: 46055 | S12: 46063 | T12: P | U12: 0 | V12: 정진성 | W12: P | X12: 46084 | Y12: 46085 | Z12: P | AA12: 0 | AB12: 최기현 | AC12: P | AD12: 46105 | AE12: P | AF12: P
A13: 항공기관제(AC) | B13: 관제업무설정 | C13: Setting | D13: Online | E13: AC08002M | F13: NOTAM 원문 | G13: 구혜지 | H13: 46081 | I13: 45827.419 | J13: UT-AC08002M | K13: 2차 | L13: 5 | M13: 46041 | N13: P | O13: 0 | P13: 3자테스터공통 | Q13: P | R13: 46055 | S13: 46064 | T13: F | U13: 0 | V13: 정진성 | W13: P | X13: 46084 | Y13: 46085 | Z13: F | AA13: 0 | AB13: 최기현 | AC13: P | AD13: 46105 | AE13: P | AF13: P
A14: 항공기관제(AC) | B14: 관제업무설정 | C14: Setting | D14: Online | E14: AC08011S | F14: DE-ICING TIME | G14: 구혜지 | H14: 45770 | I14: 45770.412 | J14: UT-AC08011S | K14: 1차 | L14: 1 | M14: 45821 | N14: P | O14: 0 | P14: 3자테스터공통 | Q14: P | R14: 45890 | S14: 45875 | T14: P | U14: 0 | V14: 정진성 | W14: P | X14: 45898 | Y14: 45924 | Z14: P | AA14: 0 | AB14: 최기현 | AC14: P | AD14: 45901 | AE14: P | AF14: P
A15: 항공기관제(AC) | B15: 관제업무설정 | C15: Setting | D15: Online | E15: AC08018S | F15: DE-ICING PHASE TIME | G15: 안소정 | H15: 46081 | I15: 46048.383 | J15: UT-AC08018S | K15: 2차 | L15: 6 | M15: 46107 | N15: F | O15: 0 | P15: 3자테스터공통 | Q15: P | R15: 46118 | U15: 0 | V15: 정진성 | X15: 46132 | AA15: 0 | AB15: 최기현
A16: 항공기관제(AC) | B16: 관제업무설정 | C16: Setting | D16: Online | E16: AC08012S | F16: MULTIPLE HANDLER | G16: 안소정 | H16: 46080 | I16: 45982.72 | J16: UT-AC08012S | K16: 2차 | L16: 6 | M16: 46107 | N16: F | O16: 0 | P16: 3자테스터공통 | Q16: P | R16: 46118 | U16: 0 | V16: 정진성 | X16: 46132 | AA16: 0 | AB16: 최기현
A17: 공항운영(GO) | B17: 기타 | C17: 기타 | D17: 프로시져 | E17: GO-SP53 | F17: SP_GO_SIGMET_RCV, 악기상 수신메시지 처리 | G17: 정병환 | H17: 45716 | I17: 45720.358 | J17: UT-GO-SP53 | K17: 1차 | L17: 2 | M17: 45877 | N17: P | O17: 0 | P17: 이준일 | Q17: P | R17: 45890 | S17: 45877 | T17: P | U17: 0 | V17: 홍석일 | W17: P | X17: 45898 | AA17: 0 | AB17: 현업테스터 | AD17: 45903 | AE17: P | AF17: P
A18: 공항운영(GO) | B18: 기타 | C18: 기타 | D18: 프로시져 | E18: GO-SP65 | F18: SP_GO_UPDATE_MASTERFILE_RSRV, 승객예약정보 GD 일괄갱신 | G18: 정병환 | H18: 45758 | I18: 45744.638 | J18: UT-GO-SP65 | K18: 1차 | L18: 2 | M18: 45877 | N18: P | O18: 0 | P18: 이준일 | Q18: P | R18: 45890 | S18: 45890 | T18: F | U18: 0 | V18: 홍석일 | W18: P | X18: 45898 | AA18: 0 | AB18: 현업테스터 | AD18: 45903 | AE18: P | AF18: P
A19: 운항계획(FP) | B19: 기타 | C19: 기타 | D19: 프로시져 | E19: FP-SP60 | F19: SP_FP_SSN_ARR_DEP_UPDATE,시즌데이타 변경 | G19: 이인용 | H19: 45835 | I19: 45793.722 | J19: UT-FP-SP60 | K19: 1차 | L19: 2 | M19: 45875 | N19: P | O19: 0 | P19: 이준일 | Q19: P | R19: 45890 | S19: 45894 | T19: P | U19: 0 | V19: 송희영 | W19: P | X19: 45898 | AA19: 0 | AB19: 현업테스터 | AD19: 45902 | AE19: P | AF19: P
A20: 운항계획(FP) | B20: 기타 | C20: 기타 | D20: 프로시져 | E20: FP-SP79 | F20: SP_FP_KALS_ASM_RCV,현행KALS ASM 메시지처리 | G20: 이인용 | H20: 45898 | I20: 45898.413 | J20: UT-FP-SP79 | K20: 2차 | L20: 4 | M20: 45973 | N20: P | O20: 0 | P20: 김진협 | Q20: P | R20: 45996 | S20: 46000 | T20: P | U20: 0 | V20: 송희영 | W20: P | X20: 46017 | AA20: 0 | AB20: 현업테스터 | AD20: 46043 | AE20: P | AF20: P
A21: 운항계획(FP) | B21: 기타 | C21: 기타 | D21: 프로시져 | E21: FP-SP103 | F21: SP_FP_ESTA_AFSCS_RCV,현행ESTA AFSCS 메시지처리 | G21: 이인용 | H21: 45919 | I21: 45898.568 | J21: UT-FP-SP103 | K21: 2차 | L21: 4 | M21: 45973 | N21: P | O21: 0 | P21: 신철진 | Q21: P | R21: 45996 | S21: 45999 | T21: P | U21: 0 | V21: 송희영 | W21: P | X21: 46017 | AA21: 0 | AB21: 현업테스터 | AD21: 46042 | AE21: P | AF21: P
A22: 운항계획(FP) | B22: 기타 | C22: 기타 | D22: 프로시져 | E22: FP-SP109 | F22: SP_FP_DALY_FOIS_AFSARR_PROC_MTY_S,현행FOIS AFSARR 메시지 스케줄처리 | G22: 이인용 | H22: 45954 | I22: 45940.476 | J22: UT-FP-SP109 | K22: 2차 | L22: 5 | M22: 46041 | N22: P | O22: 0 | P22: 신철진 | Q22: P | R22: 46055 | S22: 46062 | T22: F | U22: 0 | V22: 송희영 | W22: P | X22: 46084 | AA22: 0 | AB22: 현업테스터
A23: 운항계획(FP) | B23: 기타 | C23: 기타 | D23: 프로시져 | E23: FP-SP122 | F23: TAIU_TN_FP_DALY_ARR_DEP,현행메인 변경 트리거 | G23: 이인용 | H23: 45982 | I23: 45968.698 | J23: UT-FP-SP122 | K23: 2차 | L23: 5 | M23: 46041 | N23: P | O23: 0 | P23: 3자테스터공통 | Q23: P | R23: 46055 | S23: 46073 | T23: P | U23: 0 | V23: 송희영 | W23: P | X23: 46084 | AA23: 0 | AB23: 현업테스터
A24: 운항계획(FP) | B24: 기타 | C24: 기타 | D24: 프로시져 | E24: FP-SP124 | F24: TAIU_TN_FP_DALY_ARR_DEP_CSHR,현행코드쉐어편 정보변경 트리거 | G24: 이인용 | H24: 45982 | I24: 45982.605 | J24: UT-FP-SP124 | K24: 2차 | L24: 5 | M24: 46041 | N24: P | O24: 0 | P24: 3자테스터공통 | Q24: P | R24: 46055 | S24: 46073 | T24: P | U24: 0 | V24: 송희영 | W24: P | X24: 46084 | AA24: 0 | AB24: 현업테스터
A25: 운항계획(FP) | B25: 기타 | C25: 기타 | D25: 프로시져 | E25: FP-SP139 | F25: SP_FP_FIMSINARR_SND,FIDS 현행운항도착 메시지송신 | G25: 이인용 | H25: 46010 | I25: 46014.408 | J25: UT-FP-SP139 | K25: 2차 | L25: 5 | M25: 46041 | N25: P | O25: 0 | P25: 3자테스터공통 | Q25: P | R25: 46055 | S25: 46064 | T25: P | U25: 0 | V25: 송희영 | W25: P | X25: 46084 | AA25: 0 | AB25: 현업테스터
A26: 운항계획(FP) | B26: 기타 | C26: 기타 | D26: 프로시져 | E26: FP-SP153 | F26: SP_FP_DALY_PUSH_SEND,현행도착출발 푸시메시지 송신 | G26: 이인용 | H26: 46024 | I26: 46022.392 | J26: UT-FP-SP153 | K26: 2차 | L26: 5 | M26: 46041 | N26: P | O26: 0 | P26: 3자테스터공통 | Q26: P | R26: 46055 | S26: 46065 | T26: P | U26: 0 | V26: 송희영 | W26: P | X26: 46084 | AA26: 0 | AB26: 현업테스터
A27: 운항계획(FP) | B27: 기타 | C27: 기타 | D27: 프로시져 | E27: FP-SP159 | F27: SP_FP_RSMAIN_FLD_HST,자원배정 주요필드 변경 이력 생성 | G27: 이인용 | H27: 46052 | I27: 46050.426 | J27: UT-FP-SP159 | K27: 2차 | L27: 6 | M27: 46105 | N27: P | O27: 0 | P27: 3자테스터공통 | Q27: P | R27: 46118 | U27: 0 | V27: 송희영 | X27: 46132 | AA27: 0 | AB27: 현업테스터
A28: 운항계획(FP) | B28: 기타 | C28: 기타 | D28: 프로시져 | E28: FP-SP164 | F28: SP_FP_DLY_RSN_UPDATE,FOIS 지연사유 업데이트 | G28: 이인용 | H28: 46059 | I28: 46051.457 | J28: UT-FP-SP164 | K28: 2차 | L28: 6 | M28: 46105 | N28: P | O28: 0 | P28: 3자테스터공통 | Q28: P | R28: 46118 | U28: 0 | V28: 송희영 | X28: 46132 | AA28: 0 | AB28: 현업테스터
A29: 운항계획(FP) | B29: 기타 | C29: 기타 | D29: 프로시져 | E29: FP-SP168 | F29: SP_FP_PBB_BDGS_RCV,보딩브릿지 상태정보 메시지 업무 반영 | G29: 이인용 | H29: 46059 | I29: 46051.461 | J29: UT-FP-SP168 | K29: 2차 | L29: 6 | M29: 46106 | N29: P | O29: 0 | P29: 3자테스터공통 | Q29: P | R29: 46118 | U29: 0 | V29: 송희영 | X29: 46132 | AA29: 0 | AB29: 현업테스터
A30: 운항계획(FP) | B30: 기타 | C30: 기타 | D30: 프로시져 | E30: FP-SP181 | F30: SP_FP_SSN_CSHR_DELETE_ALN,항공사별 시즌코드쉐어편 삭제 | G30: 이인용 | H30: 46073 | I30: 46059.395 | J30: UT-FP-SP181 | K30: 2차 | L30: 6 | M30: 46106 | N30: P | O30: 0 | P30: 3자테스터공통 | Q30: P | R30: 46118 | U30: 0 | V30: 송희영 | X30: 46132 | AA30: 0 | AB30: 현업테스터
A31: A-CDM(CM) | B31: 마일스톤시간관리 | C31: 마일스톤 시간관리 | D31: Online | E31: CM20028S | F31: 마일스톤변경이력조회 | G31: 김은정 | H31: 45772 | I31: 45737 | J31: UT-CM20028S | K31: 1차 | L31: 1 | M31: 45821 | N31: P | O31: 0 | P31: 3자테스터공통 | Q31: P | R31: 45890 | S31: 45826 | T31: P | U31: 0 | V31: 장세민 | W31: P | X31: 45898 | Y31: 45917 | Z31: F | AA31: 0 | AB31: 김도연 | AC31: P | AD31: 45951 | AE31: P | AF31: P
A32: A-CDM(CM) | B32: 마일스톤시간관리 | C32: 도착편마일스톤관리 | D32: Online | E32: CM20032S | F32: 도착편 운항정보관리(월) | G32: 김은정 | H32: 45898 | I32: 45863.549 | J32: UT-CM20032S | K32: 2차 | L32: 4 | M32: 45971 | N32: P | O32: 0 | P32: 신철진 | Q32: P | R32: 45996 | S32: 45999 | T32: F | U32: 0 | V32: 장세민 | W32: P | X32: 46017 | Y32: 46021 | Z32: P | AA32: 0 | AB32: 현업테스터 | AC32: P | AD32: 46043 | AE32: P | AF32: P
A33: A-CDM(CM) | B33: 마일스톤시간관리 | C33: 출발편마일스톤관리 | D33: Online | E33: CM20030S | F33: 출발편 운항정보관리(월) | G33: 김은정 | H33: 45898 | I33: 45902.611 | J33: UT-CM20030S | K33: 2차 | L33: 5 | M33: 46042 | N33: P | O33: 0 | P33: 3자테스터공통 | Q33: P | R33: 46055 | S33: 46079 | T33: F | U33: 0 | V33: 장세민 | W33: P | X33: 46084 | Y33: 46085 | Z33: F | AA33: 0 | AB33: 현업테스터 | AC33: P | AD33: 46106 | AE33: F | AF33: P
A34: A-CDM(CM) | B34: 마일스톤시간관리 | C34: A-CDM운영현황 | D34: Online | E34: CM10101S | F34: A-CDM 제방빙 기준정보 관리 | G34: 김단호 | H34: 45947 | I34: 45940.435 | J34: UT-CM10101S | K34: 2차 | L34: 4 | M34: 45971 | N34: P | O34: 0 | P34: 신철진 | Q34: P | R34: 45996 | S34: 45996 | T34: F | U34: 0 | V34: 장세민 | W34: P | X34: 46017 | Y34: 46021 | Z34: P | AA34: 0 | AB34: 현업테스터 | AC34: P | AD34: 46048 | AE34: P | AF34: P
A35: 운항계획(FP) | B35: Seasonal schedule | C35: Seasonal Flight List | D35: Online | E35: FPFS022M | F35: SFS Departure Flight Detail | G35: 현영광 | H35: 45772 | I35: 45784.719 | J35: UT-FPFS022M | K35: 1차 | L35: 1 | M35: 45821 | N35: P | O35: 0 | P35: 3자테스터공통 | Q35: P | R35: 45890 | S35: 45827 | T35: F | U35: 0 | V35: 송희영 | W35: P | X35: 45898 | Y35: 45898 | Z35: P | AA35: 0 | AB35: 권유진 | AC35: P | AD35: 45950 | AE35: P | AF35: P
A36: A-CDM(CM) | B36: 기타 | C36: 기타 | D36: 프로시져 | E36: CM-SP8 | F36: FN_CM_GET_EXOT_RAMP,출발편 ESTIMATED TAXING TIME | G36: 이지연 | H36: 45737 | I36: 45709.651 | J36: UT-CM-SP8 | K36: 1차 | L36: 1 | M36: 45874 | N36: P | O36: 0 | P36: 윤성훈 | Q36: P | R36: 45890 | S36: 45828 | T36: P | U36: 0 | V36: 장세민 | W36: P | X36: 45898 | AA36: 0 | AB36: 김도연 | AD36: 45951 | AE36: P | AF36: P
A37: 운항계획(FP) | B37: Daily schedule | C37: Active Flight List | D37: Online | E37: FPFA063M | F37: Link Active Single Flight | G37: 현영광 | H37: 45898 | I37: 45896.755 | J37: UT-FPFA063M | K37: 2차 | L37: 4 | M37: 45972 | N37: P | O37: 0 | P37: 신철진 | Q37: P | R37: 45996 | S37: 45996 | T37: F | U37: 0 | V37: 송희영 | W37: P | X37: 46017 | Y37: 46020 | Z37: P | AA37: 0 | AB37: 현업테스터 | AC37: P | AD37: 46037 | AE37: P | AF37: P
A38: 운항계획(FP) | B38: Daily schedule | C38: ETC | D38: Online | E38: FPFA201S | F38: Active Flight Schedule for others | G38: 현영광 | H38: 46010 | I38: 46003.428 | J38: UT-FPFA201S | K38: 2차 | L38: 5 | M38: 46041 | N38: P | O38: 0 | P38: 3자테스터공통 | Q38: P | R38: 46055 | S38: 46059 | T38: P | U38: 0 | V38: 송희영 | W38: P | X38: 46084 | Y38: 46085 | Z38: F | AA38: 0 | AB38: 현업테스터 | AC38: P | AD38: 46106 | AE38: P | AF38: P
A39: A-CDM(CM) | B39: 기타 | C39: 기타 | D39: 프로시져 | E39: CM-SP34 | F39: SP_CM_OUTBOUND_MLSTN_UPDATE_ADI,출발편 제빙마일스톤 운영-제빙장진입 | G39: 이지연 | H39: 46073 | I39: 46055.746 | J39: UT-CM-SP34 | K39: 2차 | L39: 6 | M39: 46106 | N39: P | O39: 0 | P39: 3자테스터공통 | Q39: P | R39: 46118 | U39: 0 | V39: 장세민 | X39: 46132 | AA39: 0 | AB39: 현업테스터
A40: A-CDM(CM) | B40: 기타 | C40: 기타 | D40: 프로시져 | E40: CM-SP37 | F40: SP_CM_OUTBOUND_MLSTN_UPDATE_ADO,출발편 제빙마일스톤 운영-제빙장진출 | G40: 이지연 | H40: 46073 | I40: 46055.747 | J40: UT-CM-SP37 | K40: 2차 | L40: 6 | M40: 46106 | N40: P | O40: 0 | P40: 3자테스터공통 | Q40: P | R40: 46118 | U40: 0 | V40: 장세민 | X40: 46132 | AA40: 0 | AB40: 현업테스터
A41: A-CDM(CM) | B41: 기타 | C41: 기타 | D41: 프로시져 | E41: CM-SP40 | F41: SP_CM_FLTACDMMLSTNARR_SND,도착마일스톤 인터페이스 메시지송신 | G41: 이지연 | H41: 46010 | I41: 45995.539 | J41: UT-CM-SP40 | K41: 2차 | L41: 5 | M41: 46044 | N41: P | O41: 0 | P41: 3자테스터공통 | Q41: P | R41: 46055 | S41: 46073 | T41: P | U41: 0 | V41: 장세민 | W41: P | X41: 46084 | AA41: 0 | AB41: 현업테스터
A42: A-CDM(CM) | B42: 기타 | C42: 기타 | D42: 프로시져 | E42: CM-SP49 | F42: SP_CM_GET_SYS_PARAMS,시스템 파라미터값 조회 | G42: 이지연 | H42: 45716 | I42: 45709.641 | J42: UT-CM-SP49 | K42: 1차 | L42: 1 | M42: 45821 | N42: P | O42: 0 | P42: 3자테스터공통 | Q42: P | R42: 45890 | S42: 45828 | T42: P | U42: 0 | V42: 장세민 | W42: P | X42: 45898 | AA42: 0 | AB42: 김도연 | AD42: 45952 | AE42: P | AF42: P
A43: A-CDM(CM) | B43: 기타 | C43: 기타 | D43: 프로시져 | E43: CM-SP52 | F43: SP_CM_ATFM_RCV,ATFMS출발편 ATFM 메시지 수신처리 | G43: 이지연 | H43: 45856 | I43: 45853.593 | J43: UT-CM-SP52 | K43: 1차 | L43: 2 | M43: 45874 | N43: P | O43: 0 | P43: 윤성훈 | Q43: P | R43: 45890 | S43: 45874 | T43: P | U43: 0 | V43: 장세민 | W43: P | X43: 45898 | AA43: 0 | AB43: 현업테스터 | AD43: 45952 | AE43: P | AF43: P
A44: 운항계획(FP) | B44: Daily schedule | C44: Active Flight List | D44: Online | E44: FPFA161M | F44: Update Flight Name | G44: 현영광 | H44: 45926 | I44: 45926.679 | J44: UT-FPFA161M | K44: 2차 | L44: 4 | M44: 45972 | N44: P | O44: 0 | P44: 신철진 | Q44: P | R44: 45996 | S44: 45999 | T44: F | U44: 0 | V44: 송희영 | W44: P | X44: 46017 | Y44: 46020 | Z44: F | AA44: 0 | AB44: 현업테스터 | AC44: P | AD44: 46038 | AE44: P | AF44: P
A45: A-CDM(CM) | B45: 기준정보관리 | C45: A-CDM Alert정보 | D45: Online | E45: CM10004M | F45: Alert처리 그룹등록 | G45: 김은정 | H45: 45947 | I45: 45952.567 | J45: UT-CM10004M | K45: 2차 | L45: 4 | M45: 45971 | N45: P | O45: 0 | P45: 신철진 | Q45: P | R45: 45996 | S45: 45995 | T45: P | U45: 0 | V45: 장세민 | W45: P | X45: 46017 | Y45: 46017 | Z45: P | AA45: 0 | AB45: 현업테스터 | AC45: P | AD45: 46042 | AE45: P | AF45: P
A46: 모바일(MES) | B46: 자원배정 | C46: Hangar Pad Management | D46: Online | E46: MESRS041S | F46: 정비 주기장 관리 | G46: 이수빈 | H46: 45989 | I46: 45954.664 | J46: UT-MESRS041S | K46: 2차 | L46: 5 | M46: 46041 | N46: P | O46: 0 | P46: 3자테스터공통 | Q46: P | R46: 46055 | S46: 46057 | T46: F | U46: 1 | V46: 공사테스터 | W46: F | X46: 46084 | Y46: 46086 | Z46: P | AA46: 0 | AB46: 현업테스터 | AC46: P | AD46: 46107 | AE46: P | AF46: P
A47: 운항계획(FP) | B47: Daily schedule | C47: Active Link Flight | D47: Online | E47: FPFA066S | F47: ADM LIST | G47: 현영광 | H47: 45982 | I47: 45967.623 | J47: UT-FPFA066S | K47: 2차 | L47: 5 | M47: 46045 | N47: P | O47: 0 | P47: 3자테스터공통 | Q47: P | R47: 46055 | S47: 46059 | T47: F | U47: 0 | V47: 송희영 | W47: P | X47: 46084 | Y47: 46085 | Z47: F | AA47: 0 | AB47: 현업테스터 | AC47: P | AD47: 46105 | AE47: P | AF47: P
A48: A-CDM(CM) | B48: 기타 | C48: 기타 | D48: 프로시져 | E48: CM-SP60 | F48: SP_CM_ACDM_OPR_STS_MTLY,A-CDM 운영현황(월별) 생성 | G48: 이용혁 | H48: 46066 | I48: 46020.439 | J48: UT-CM-SP60 | K48: 2차 | L48: 6 | M48: 46106 | N48: P | O48: 0 | P48: 3자테스터공통 | Q48: P | R48: 46118 | U48: 0 | V48: 장세민 | X48: 46132 | AA48: 0 | AB48: 현업테스터
A49: A-CDM(CM) | B49: 기타 | C49: 기타 | D49: 프로시져 | E49: CM-SP67 | F49: SP_CM_ACDM_OPR_STS_CGO_QRT,A-CDM 운영현황(화물/분기별) 생성 | G49: 이용혁 | H49: 46081 | I49: 46020.439 | J49: UT-CM-SP67 | K49: 2차 | L49: 6 | M49: 46105 | N49: P | O49: 0 | P49: 3자테스터공통 | Q49: P | R49: 46118 | U49: 0 | V49: 장세민 | X49: 46132 | AA49: 0 | AB49: 현업테스터
A50: A-CDM(CM) | B50: 기타 | C50: 기타 | D50: 프로시져 | E50: CM-SP75 | F50: SP_CM_ACDM_OPR_STS_PAX_YRLY,A-CDM 운영현황(여객/연도별) 생성 | G50: 이용혁 | H50: 46081 | I50: 46020.439 | J50: UT-CM-SP75 | K50: 2차 | L50: 6 | M50: 46106 | N50: P | O50: 0 | P50: 3자테스터공통 | Q50: P | R50: 46118 | U50: 0 | V50: 장세민 | X50: 46132 | AA50: 0 | AB50: 현업테스터
A51: A-CDM(CM) | B51: 기타 | C51: 기타 | D51: Interface | E51: CM-IF1 | F51: FltAcdmMlstnDepAPI,출발편 마일스톤 송신 API | G51: 김단호 | H51: 46081 | I51: 46098.711 | J51: UT-CM-IF1 | K51: 2차 | L51: 6 | M51: 46104 | N51: P | O51: 0 | P51: 3자테스터공통 | Q51: P | R51: 46118 | U51: 0 | V51: 장세민 | X51: 46132 | AA51: 0 | AB51: 현업테스터
A52: A-CDM(CM) | B52: 기타 | C52: 기타 | D52: 프로시져 | E52: CM-SP82 | F52: SP_CM_TAFOFIIA_RCV,기상정보(TAFofIIA) 수신처리 | G52: 이지연 | H52: 46081 | I52: 45988.74 | J52: UT-CM-SP82 | K52: 2차 | L52: 5 | M52: 46044 | N52: P | O52: 0 | P52: 3자테스터공통 | Q52: P | R52: 46055 | S52: 46064 | T52: P | U52: 0 | V52: 장세민 | W52: P | X52: 46084 | AA52: 0 | AB52: 현업테스터
A53: 항공기관제(AC) | B53: 기타 | C53: 기타 | D53: 프로시져 | E53: AC-SP7 | F53: SP_AC_ELECSTRIPDEPIIS_SND, 출발 전자스트립 송신 | G53: 이용혁 | H53: 45723 | I53: 45709.421 | J53: UT-AC-SP7 | K53: 1차 | L53: 1 | M53: 45874 | N53: P | O53: 0 | P53: 윤성훈 | Q53: P | R53: 45890 | S53: 45883 | T53: P | U53: 0 | V53: 정진성 | W53: P | X53: 45898 | AA53: 0 | AB53: 최기현 | AD53: 45903 | AE53: P | AF53: P
A54: A-CDM(CM) | B54: 기준정보관리 | C54: A-CDM Alert정보 | D54: Online | E54: CM10003S | F54: Alert 메시지관리 | G54: 김은정 | H54: 45730 | I54: 45728.346 | J54: UT-CM10003S | K54: 1차 | L54: 1 | M54: 45821 | N54: P | O54: 0 | P54: 3자테스터공통 | Q54: P | R54: 45890 | S54: 45826 | T54: P | U54: 0 | V54: 장세민 | W54: P | X54: 45898 | Y54: 45833 | Z54: F | AA54: 0 | AB54: 김도연 | AC54: P | AD54: 45895 | AE54: P | AF54: P
A55: 운항계획(FP) | B55: Daily schedule | C55: Interface Message | D55: Online | E55: FPMG034M | F55: AFS Codeshare JJA Schedule Message Details | G55: 현영광 | H55: 45968 | I55: 45967.614 | J55: UT-FPMG034M | K55: 2차 | L55: 5 | M55: 46041 | N55: P | O55: 0 | P55: 3자테스터공통 | Q55: P | R55: 46055 | S55: 46062 | T55: P | U55: 0 | V55: 송희영 | W55: P | X55: 46084 | Y55: 46085 | Z55: P | AA55: 0 | AB55: 현업테스터 | AC55: P | AD55: 46106 | AE55: P | AF55: P
A56: 운항계획(FP) | B56: Daily schedule | C56: Interface Message | D56: Online | E56: FPMG045M | F56: ADM ASVS Message Details | G56: 현영광 | H56: 45968 | I56: 45967.616 | J56: UT-FPMG045M | K56: 2차 | L56: 5 | M56: 46041 | N56: P | O56: 0 | P56: 3자테스터공통 | Q56: P | R56: 46055 | S56: 46063 | T56: P | U56: 0 | V56: 송희영 | W56: P | X56: 46084 | Y56: 46085 | Z56: P | AA56: 0 | AB56: 현업테스터 | AC56: P | AD56: 46106 | AE56: P | AF56: P
A57: 운항계획(FP) | B57: Daily schedule | C57: Interface Message | D57: Online | E57: FPMG047M | F57: ADM ESTA Message Details | G57: 현영광 | H57: 45968 | I57: 45967.616 | J57: UT-FPMG047M | K57: 2차 | L57: 5 | M57: 46041 | N57: P | O57: 0 | P57: 3자테스터공통 | Q57: P | R57: 46055 | S57: 46063 | T57: P | U57: 0 | V57: 송희영 | W57: P | X57: 46084 | Y57: 46085 | Z57: P | AA57: 0 | AB57: 현업테스터 | AC57: P | AD57: 46106 | AE57: P | AF57: P
A58: 운항계획(FP) | B58: 공통 | C58: 공통 | D58: Online | E58: FPFC083M | F58: Set Colums | G58: 현영광 | H58: 45758 | I58: 45756.624 | J58: UT-FPFC083M | K58: 1차 | L58: 1 | M58: 45821 | N58: P | O58: 0 | P58: 3자테스터공통 | Q58: P | R58: 45890 | S58: 45827 | T58: F | U58: 0 | V58: 송희영 | W58: P | X58: 45898 | Y58: 45898 | Z58: P | AA58: 0 | AB58: 권유진 | AC58: P | AD58: 45896 | AE58: P | AF58: P
A59: 운항계획(FP) | B59: 공통 | C59: 공통 | D59: Online | E59: FPFC104M | F59: Delay Reason Code | G59: 현영광 | H59: 45716 | I59: 45708.74 | J59: UT-FPFC104M | K59: 1차 | L59: 1 | M59: 45821 | N59: P | O59: 0 | P59: 3자테스터공통 | Q59: P | R59: 45890 | S59: 45827 | T59: P | U59: 0 | V59: 송희영 | W59: P | X59: 45898 | Y59: 45898 | Z59: P | AA59: 0 | AB59: 권유진 | AC59: P | AD59: 45897 | AE59: P | AF59: P
A60: 운항계획(FP) | B60: 기타 | C60: 기타 | D60: Interface | E60: FP-IF2 | F60: afsDep_api,FP_현행운항출발정보연계 | G60: 현영광 | H60: 46066 | I60: 46093.388 | J60: UT-FP-IF2 | K60: 2차 | L60: 6 | O60: 0 | P60: 3자테스터공통 | R60: 46118 | U60: 0 | V60: 송희영 | X60: 46132 | AA60: 0 | AB60: 현업테스터
A61: 자원배정(RS) | B61: Check In Counter | C61: 공용용품 | D61: Online | E61: RSCI081S | F61: 공용물품신청 | G61: 이수연 | H61: 46051 | I61: 46038.365 | J61: UT-RSCI081S | K61: 2차 | L61: 6 | M61: 46104 | N61: F | O61: 0 | P61: 3자테스터공통 | Q61: P | R61: 46118 | U61: 0 | V61: 송희영 | X61: 46132 | AA61: 0 | AB61: 현업테스터
A62: 자원배정(RS) | B62: 기타 | C62: 기타 | D62: 프로시져 | E62: RS-SP13 | F62: SP_RS_CHG_CRS_BY_STND, 주기장 변경시 캐로셀 변경 | G62: 유경섭 | H62: 45804 | I62: 45764.779 | J62: UT-RS-SP13 | K62: 1차 | L62: 2 | M62: 45875 | N62: P | O62: 0 | P62: 이준일 | Q62: P | R62: 45890 | S62: 45894 | T62: P | U62: 0 | V62: 송희영 | W62: P | X62: 45898 | AA62: 0 | AB62: 현업테스터 | AD62: 45952 | AE62: P | AF62: P
A63: 자원배정(RS) | B63: 기타 | C63: 기타 | D63: 프로시져 | E63: RS-SP21 | F63: SP_RS_IIF_STND_SND, 주기장배정 내부인터페이스 송신 | G63: 유경섭 | H63: 45867 | I63: 45793.757 | J63: UT-RS-SP21 | K63: 2차 | L63: 4 | M63: 45973 | N63: P | O63: 0 | P63: 윤성훈 | Q63: P | R63: 45996 | S63: 45989 | T63: F | U63: 0 | V63: 송희영 | W63: P | X63: 46017 | AA63: 0 | AB63: 현업테스터 | AD63: 46038 | AE63: P | AF63: P
A64: 자원배정(RS) | B64: 기타 | C64: 기타 | D64: 프로시져 | E64: RS-SP24 | F64: SP_RS_CHKCOUNTASSIGN_MSTR, 카운터배정내역 송신 MSTR | G64: 김훈근 | H64: 45867 | I64: 45786.76 | J64: UT-RS-SP24 | K64: 2차 | L64: 4 | M64: 45973 | N64: P | O64: 0 | P64: 윤성훈 | Q64: P | R64: 45996 | S64: 45988 | T64: P | U64: 0 | V64: 송희영 | W64: P | X64: 46017 | AA64: 0 | AB64: 현업테스터 | AD64: 46038 | AE64: P | AF64: P
A65: 자원배정(RS) | B65: 기타 | C65: 기타 | D65: 프로시져 | E65: RS-SP35 | F65: SP_RS_ADD_BAR, 바추가 | G65: 김훈근 | H65: 45959 | I65: 45954.568 | J65: UT-RS-SP35 | K65: 2차 | L65: 5 | M65: 46043 | N65: P | O65: 0 | P65: 3자테스터공통 | Q65: P | R65: 46055 | S65: 46056 | T65: P | U65: 0 | V65: 송희영 | W65: P | X65: 46084 | AA65: 0 | AB65: 현업테스터
A66: 자원배정(RS) | B66: 기타 | C66: 기타 | D66: Batch | E66: RS90004B | F66: 체크인카운터 배정내역 전송 | G66: 김훈근 | H66: 46051 | I66: 46049.662 | J66: UT-RS90004B | K66: 2차 | L66: 6 | O66: 0 | P66: 3자테스터공통 | R66: 46118 | U66: 0 | V66: 송희영 | X66: 46132 | AA66: 0 | AB66: 현업테스터
A67: 자원배정(RS) | B67: 기타 | C67: 기타 | D67: Batch | E67: RS90021B | F67: 체크인카운터 마감처리 | G67: 김훈근 | H67: 46079 | I67: 46078.601 | J67: UT-RS90021B | K67: 2차 | L67: 6 | O67: 0 | P67: 3자테스터공통 | R67: 46118 | U67: 0 | V67: 송희영 | X67: 46132 | AA67: 0 | AB67: 현업테스터
A68: 공항운영(GO) | B68: 부서별업무 | C68: A-CDM | D68: Online | E68: GO12706S | F68: 저시정운영현황보고 | G68: 김경준 | H68: 45912 | I68: 45898.698 | J68: UT-GO12706S | K68: 2차 | L68: 4 | M68: 45971 | N68: P | O68: 0 | P68: 윤성훈 | Q68: P | R68: 45996 | S68: 45996 | T68: P | U68: 0 | V68: 홍석일 | W68: P | X68: 46017 | Y68: 46014 | Z68: F | AA68: 0 | AB68: 현업테스터 | AC68: P | AD68: 46042 | AE68: P | AF68: P
A69: 공항운영(GO) | B69: 부서별업무 | C69: A-CDM | D69: Online | E69: GO12507S | F69: 항로 및 운항실적 | G69: 김경준 | H69: 45926 | I69: 45917.463 | J69: UT-GO12507S | K69: 2차 | L69: 4 | M69: 45972 | N69: P | O69: 0 | P69: 윤성훈 | Q69: P | R69: 45996 | S69: 45995 | T69: P | U69: 0 | V69: 홍석일 | W69: P | X69: 46017 | Y69: 46014 | Z69: F | AA69: 0 | AB69: 현업테스터 | AC69: P | AD69: 46042 | AE69: P | AF69: P
A70: 자원배정(RS) | B70: Check In Counter | C70: Config | D70: Online | E70: RSCI037S | F70: CIC Airline Group Management | G70: 이수연 | H70: 45722 | I70: 45716.474 | J70: UT-RSCI037S | K70: 1차 | L70: 1 | M70: 45821 | N70: P | O70: 0 | P70: 3자테스터공통 | Q70: P | R70: 45890 | S70: 45828 | T70: P | U70: 0 | V70: 송희영 | W70: P | X70: 45898 | Y70: 45898 | Z70: P | AA70: 0 | AB70: 유혜리 | AC70: P | AD70: 45897 | AE70: P | AF70: P
A71: 자원배정(RS) | B71: Check In Counter | C71: Config | D71: Online | E71: RSCI008S | F71: CIC Preference Rule Management | G71: 이수연 | H71: 45722 | I71: 45716.474 | J71: UT-RSCI008S | K71: 1차 | L71: 1 | M71: 45821 | N71: P | O71: 0 | P71: 3자테스터공통 | Q71: P | R71: 45890 | S71: 45828 | T71: P | U71: 0 | V71: 송희영 | W71: P | X71: 45898 | Y71: 45898 | Z71: P | AA71: 0 | AB71: 유혜리 | AC71: P | AD71: 45952 | AE71: P | AF71: P
A72: 공항운영(GO) | B72: 부서별업무 | C72: 물류영업팀 | D72: Online | E72: GO12909S | F72: 화물터미널 주기현황 | G72: 박정구 | H72: 45883 | I72: 45863.758 | J72: UT-GO12909S | K72: 2차 | L72: 4 | M72: 45971 | N72: P | O72: 0 | P72: 윤성훈 | Q72: P | R72: 45996 | S72: 45996 | T72: P | U72: 0 | V72: 홍석일 | W72: P | X72: 46017 | Y72: 46042 | Z72: P | AA72: 0 | AB72: 현업테스터 | AC72: P | AD72: 46042 | AE72: P | AF72: P
A73: 공항운영(GO) | B73: 실시간통계 | C73: 공항운영현황(통합운영센터) | D73: Online | E73: GO41204M | F73: 요약보고서 | G73: 김경준 | H73: 45758 | I73: 45744.656 | J73: UT-GO41204M | K73: 1차 | L73: 2 | M73: 45859 | N73: P | O73: 0 | P73: 정수현 | Q73: P | R73: 45890 | S73: 45888 | T73: F | U73: 0 | V73: 홍석일 | W73: P | X73: 45898 | Y73: 45924 | Z73: F | AA73: 0 | AB73: 현업테스터 | AC73: P | AD73: 45896 | AE73: P | AF73: P
A74: 공항운영(GO) | B74: 기타 | C74: 기타 | D74: Batch | E74: GO00008B | F74: GD자료 백업 | G74: 정병환 | H74: 45800 | I74: 45798 | J74: UT-GO00008B | K74: 1차 | L74: 2 | O74: 0 | P74: 윤성훈 | R74: 45971 | U74: 0 | V74: 홍석일 | X74: 45978 | AA74: 0 | AB74: 현업테스터 | AD74: 45996 | AE74: P | AF74: P
A75: 공항운영(GO) | B75: 기타 | C75: 기타 | D75: 프로시져 | E75: GO-SP15 | F75: SP_GO_DLY_CNXL_MSG_SND, 지연취소 송신메시지 처리 | G75: 정병환 | H75: 45856 | I75: 45855.598 | J75: UT-GO-SP15 | K75: 1차 | L75: 2 | M75: 45877 | N75: P | O75: 0 | P75: 윤성훈 | Q75: P | R75: 45890 | S75: 45890 | T75: F | U75: 0 | V75: 홍석일 | W75: P | X75: 45898 | AA75: 0 | AB75: 현업테스터 | AD75: 45953 | AE75: P | AF75: P
A76: 공항운영(GO) | B76: 기타 | C76: 기타 | D76: 프로시져 | E76: GO-SP22 | F76: SP_GO_FOIS_GENDCLARMSG_RCV, FOIS GDM 수신메시지 처리 | G76: 정병환 | H76: 45744 | I76: 45730.651 | J76: UT-GO-SP22 | K76: 1차 | L76: 2 | M76: 45877 | N76: P | O76: 0 | P76: 윤성훈 | Q76: P | R76: 45890 | S76: 45890 | T76: F | U76: 0 | V76: 홍석일 | W76: P | X76: 45898 | AA76: 0 | AB76: 현업테스터 | AD76: 45903 | AE76: P | AF76: P
A77: 공항운영(GO) | B77: 기타 | C77: 기타 | D77: 프로시져 | E77: GO-SP27 | F77: SP_GO_GDDATA_SND, GD 송신 메시지 처리 | G77: 정병환 | H77: 45772 | I77: 45744.63 | J77: UT-GO-SP27 | K77: 1차 | L77: 2 | M77: 45895 | N77: P | O77: 0 | P77: 이준일 | Q77: P | R77: 45890 | S77: 45890 | T77: F | U77: 0 | V77: 홍석일 | W77: P | X77: 45898 | AA77: 0 | AB77: 현업테스터 | AD77: 45952 | AE77: P | AF77: P
A78: 공항운영(GO) | B78: 기타 | C78: 기타 | D78: 프로시져 | E78: GO-SP38 | F78: SP_GO_METAR_RCV, 정시관측 수신메시지 처리 | G78: 박정구 | H78: 45702 | I78: 45701 | J78: UT-GO-SP38 | K78: 1차 | L78: 2 | M78: 45861 | N78: P | O78: 0 | P78: 정수현 | Q78: P | R78: 45890 | S78: 45890 | T78: F | U78: 0 | V78: 홍석일 | W78: P | X78: 45898 | AA78: 0 | AB78: 현업테스터 | AD78: 45903 | AE78: P | AF78: P
A79: 공항운영(GO) | B79: 기타 | C79: 기타 | D79: 프로시져 | E79: GO-SP39 | F79: SP_GO_METREPORT_RCV, 국지정 수신메시지 처리 | G79: 정병환 | H79: 45716 | I79: 45720.357 | J79: UT-GO-SP39 | K79: 1차 | L79: 2 | M79: 45861 | N79: P | O79: 0 | P79: 정수현 | Q79: P | R79: 45890 | S79: 45890 | T79: F | U79: 0 | V79: 홍석일 | W79: P | X79: 45898 | AA79: 0 | AB79: 현업테스터 | AD79: 45903 | AE79: P | AF79: P
A80: 공통관리(FIMS-CA) | B80: 시스템운영관리 | C80: 시스템관리 | D80: Online | E80: CASY003S | F80: 메뉴관리 | G80: 최민지 | H80: 45695 | I80: 45707.734 | J80: UT-CASY003S | K80: 1차 | L80: 1 | M80: 45861 | N80: P | O80: 0 | P80: 윤성훈 | Q80: P | R80: 45890 | S80: 45891 | T80: F | U80: 0 | V80: 장수정 | W80: P | X80: 45898 | Y80: 45919 | Z80: F | AA80: 0 | AB80: 장수정 | AC80: P | AD80: 45897 | AE80: P | AF80: P
A81: 공통관리(FIMS-CA) | B81: 시스템운영관리 | C81: 시스템관리 | D81: Online | E81: CASY013S | F81: SKI 모니터링 | G81: 최민지 | H81: 46022 | I81: 46028.763 | J81: UT-CASY013S | K81: 2차 | L81: 5 | M81: 46044 | N81: P | O81: 0 | P81: 3자테스터공통 | Q81: P | R81: 46055 | S81: 46057 | T81: P | U81: 0 | V81: 장수정 | W81: P | X81: 46084 | Y81: 46092 | Z81: P | AA81: 0 | AB81: 현업테스터 | AC81: P | AD81: 46106 | AE81: P | AF81: P
A82: 공통관리(FIMS-CA) | B82: 시스템운영관리 | C82: 역할 및 권한관리 | D82: Online | E82: CASY034S | F82: 개인정보 접근 권한 부여 | G82: 최민지 | H82: 45796 | I82: 45793.379 | J82: UT-CASY034S | K82: 1차 | L82: 1 | M82: 45821 | N82: P | O82: 0 | P82: 3자테스터공통 | Q82: P | R82: 45890 | S82: 45891 | T82: P | U82: 0 | V82: 장수정 | W82: P | X82: 45898 | Y82: 45919 | Z82: P | AA82: 0 | AB82: 장수정 | AC82: P | AD82: 45950 | AE82: P | AF82: P
A83: 공통관리(FIMS-CA) | B83: 시스템운영관리 | C83: 역할 및 권한관리 | D83: Online | E83: CASY037S | F83: 기준정보 관리부서 지정 관리 | G83: 최민지 | H83: 45831 | I83: 45832.452 | J83: UT-CASY037S | K83: 1차 | L83: 2 | M83: 45877 | N83: P | O83: 0 | P83: 이준일 | Q83: P | R83: 45890 | S83: 45891 | T83: F | U83: 0 | V83: 장수정 | W83: P | X83: 45898 | Y83: 45919 | Z83: P | AA83: 0 | AB83: 현업테스터 | AC83: P | AD83: 45950 | AE83: P | AF83: P
A84: 공통관리(FIMS-CA) | B84: 시스템운영관리 | C84: 이력관리 | D84: Online | E84: CASY046S | F84: 계정변경 이력 | G84: 최민지 | H84: 46000 | I84: 46000.712 | J84: UT-CASY046S | K84: 2차 | L84: 5 | M84: 46042 | N84: P | O84: 0 | P84: 3자테스터공통 | Q84: P | R84: 46055 | S84: 46056 | T84: F | U84: 0 | V84: 장수정 | W84: P | X84: 46084 | Y84: 46106 | Z84: P | AA84: 0 | AB84: 현업테스터 | AC84: P | AD84: 46105 | AE84: F | AF84: P
A85: 공통관리(FIMS-CA) | B85: 시스템운영관리 | C85: 이력관리 | D85: Online | E85: CASY052S | F85: 보고서 출력 이력 | G85: 최민지 | H85: 46008 | I85: 46008.743 | J85: UT-CASY052S | K85: 2차 | L85: 5 | M85: 46043 | N85: P | O85: 0 | P85: 3자테스터공통 | Q85: P | R85: 46055 | S85: 46057 | T85: F | U85: 0 | V85: 장수정 | W85: P | X85: 46084 | Y85: 46092 | Z85: P | AA85: 0 | AB85: 현업테스터 | AC85: P | AD85: 46105 | AE85: P | AF85: P
A86: 공통관리(FIMS-CA) | B86: 시스템운영관리 | C86: 이력관리 | D86: Online | E86: CASY053S | F86: 개인정보 접속 이력 | G86: 최민지 | H86: 46010 | I86: 46010.733 | J86: UT-CASY053S | K86: 2차 | L86: 5 | M86: 46042 | N86: P | O86: 0 | P86: 3자테스터공통 | Q86: P | R86: 46055 | S86: 46057 | T86: P | U86: 0 | V86: 장수정 | W86: P | X86: 46084 | Y86: 46092 | Z86: P | AA86: 0 | AB86: 현업테스터 | AC86: P | AD86: 46105 | AE86: P | AF86: P
A87: 공통관리(FIMS-CA) | B87: 참조정보 | C87: 자원정보 | D87: Online | E87: CARF009S | F87: 게이트리마크정보 | G87: 최민지 | H87: 45961 | I87: 45961.373 | J87: UT-CARF009S | K87: 2차 | L87: 5 | M87: 46043 | N87: P | O87: 0 | P87: 3자테스터공통 | Q87: P | R87: 46055 | S87: 46059 | T87: F | U87: 0 | V87: 장수정 | W87: P | X87: 46084 | AA87: 0 | AB87: 현업테스터 | AD87: 46105 | AE87: P | AF87: P
A88: 공통관리(FIMS-CA) | B88: 참조정보 | C88: 자원정보 | D88: Online | E88: CARF020S | F88: 국가정보 | G88: 정연준 | H88: 45931 | I88: 45929.741 | J88: UT-CARF020S | K88: 2차 | L88: 4 | M88: 45972 | N88: P | O88: 0 | P88: 신철진 | Q88: P | R88: 45996 | S88: 46000 | T88: F | U88: 0 | V88: 장수정 | W88: P | X88: 46017 | Y88: 46020 | Z88: P | AA88: 0 | AB88: 현업테스터 | AC88: P | AD88: 46035 | AE88: P | AF88: P
A89: 공통관리(FIMS-CA) | B89: 참조정보 | C89: 체크인 | D89: Online | E89: CARF035S | F89: 체크인카운터정보 | G89: 최민지 | H89: 45987 | I89: 45987.741 | J89: UT-CARF035S | K89: 2차 | L89: 5 | M89: 46043 | N89: P | O89: 0 | P89: 3자테스터공통 | Q89: P | R89: 46055 | S89: 46064 | T89: F | U89: 1 | V89: 장수정 | W89: F | X89: 46084 | Y89: 46092 | Z89: P | AA89: 0 | AB89: 현업테스터 | AC89: P
A90: 공통관리(FIMS-CA) | B90: 기타 | C90: 기타 | D90: 프로시져 | E90: CA-SP2 | F90: FN_CA_F_CHK_TRCE, TRACE 사용여부 | G90: 정연준 | H90: 45728 | I90: 45726 | J90: UT-CA-SP2 | K90: 1차 | L90: 1 | M90: 45821 | N90: P | O90: 0 | P90: 3자테스터공통 | Q90: P | R90: 45890 | S90: 45838 | T90: P | U90: 0 | V90: 장수정 | W90: P | X90: 45898 | Y90: 45919 | Z90: P | AA90: 0 | AB90: 장수정 | AC90: P | AD90: 45901 | AE90: P | AF90: P
A91: 공통관리(FIMS-CA) | B91: 기타 | C91: 기타 | D91: 프로시져 | E91: CA-SP13 | F91: SP_CA_F_ERR_LOG, 에러로그 저장 | G91: 최민지 | H91: 45742 | I91: 45742 | J91: UT-CA-SP13 | K91: 1차 | L91: 1 | M91: 45821 | N91: P | O91: 0 | P91: 3자테스터공통 | Q91: P | R91: 45890 | S91: 45838 | T91: P | U91: 0 | V91: 장수정 | W91: P | X91: 45898 | Y91: 45919 | Z91: P | AA91: 0 | AB91: 장수정 | AC91: P | AD91: 45901 | AE91: P | AF91: P
A92: 공통관리(FIMS-CA) | B92: 기타 | C92: 기타 | D92: 프로시져 | E92: CA-SP14 | F92: SP_CA_F_INNR_IF_MSG_COMMIT_FAIL, 내부연계 실패 송신메시지 정보 수정 | G92: 박영수 | H92: 45831 | I92: 45736 | J92: UT-CA-SP14 | K92: 1차 | L92: 2 | M92: 45874 | N92: P | O92: 0 | P92: 윤성훈 | Q92: P | R92: 45890 | S92: 45890 | T92: P | U92: 0 | V92: 장수정 | W92: P | X92: 45898 | Y92: 45919 | Z92: P | AA92: 0 | AB92: 현업테스터 | AC92: P | AD92: 45902 | AE92: P | AF92: P
A93: 공통관리(FIMS-CA) | B93: 기타 | C93: 기타 | D93: 프로시져 | E93: CA-SP20 | F93: SP_CA_F_SMS_CURR_GROUP_UPDATE, 선택 SMS그룹 사용자 동기화 | G93: 정연준 | H93: 45978 | I93: 45973.637 | J93: UT-CA-SP20 | K93: 2차 | L93: 5 | M93: 46036 | N93: P | O93: 0 | P93: 3자테스터공통 | Q93: P | R93: 46055 | S93: 46056 | T93: P | U93: 0 | V93: 장수정 | W93: P | X93: 46084 | Y93: 46092 | Z93: P | AA93: 0 | AB93: 현업테스터 | AC93: P
A94: 공통관리(FIMS-CA) | B94: 기타 | C94: 기타 | D94: 프로시져 | E94: CA-SP33 | F94: SP_CA_F_ESB_FIMS_RCPTN_MSTR_MSG, ESB FIMS 송수신메시지 마스터 등록 | G94: 최민지 | H94: 45918 | I94: 45919.372 | J94: UT-CA-SP33 | K94: 2차 | L94: 4 | M94: 45972 | N94: P | O94: 0 | P94: 박상기 | Q94: P | R94: 45996 | S94: 45986 | T94: P | U94: 0 | V94: 장수정 | W94: P | X94: 46017 | Y94: 46015 | Z94: P | AA94: 0 | AB94: 현업테스터 | AC94: P | AD94: 46045 | AE94: P | AF94: P
A95: 공통관리(FIMS-CA) | B95: 기타 | C95: 기타 | D95: 프로시져 | E95: CA-SP36 | F95: SP_CA_F_PUSH_AS_NOTI, 코드변경정보 푸시 공지 | G95: 박영수 | H95: 46014 | I95: 46003.611 | J95: UT-CA-SP36 | K95: 2차 | L95: 5 | M95: 46044 | N95: P | O95: 0 | P95: 3자테스터공통 | Q95: P | R95: 46055 | S95: 46056 | T95: P | U95: 0 | V95: 장수정 | W95: P | X95: 46084 | Y95: 46092 | Z95: P | AA95: 0 | AB95: 현업테스터 | AC95: P
A96: 공통관리(FIMS-CA) | B96: 기타 | C96: 기타 | D96: 프로시져 | E96: CA-SP41 | F96: SP_CA_F_PERS_INFO_CONN_INSERT, 개인정보 화면 접근 이력 일일 통계 생성 | G96: 박영수 | H96: 46001 | I96: 46007.423 | J96: UT-CA-SP41 | K96: 2차 | L96: 5 | M96: 46044 | N96: F | O96: 0 | P96: 3자테스터공통 | Q96: F | R96: 46055 | S96: 46092 | T96: P | U96: 0 | V96: 장수정 | W96: P | X96: 46084 | Y96: 46092 | Z96: P | AA96: 0 | AB96: 현업테스터 | AC96: P
A97: 공통관리(FIMS-CA) | B97: 인증관리 | C97: 사용자 인증 | D97: Online | E97: CAMN003M | F97: OTP 인증 팝업 | G97: 정연준 | H97: 45792 | I97: 45784.636 | J97: UT-CAMN003M | K97: 1차 | L97: 1 | M97: 45821 | N97: P | O97: 0 | P97: 3자테스터공통 | Q97: P | R97: 45890 | S97: 45891 | T97: P | U97: 0 | V97: 장수정 | W97: P | X97: 45898 | Y97: 45922 | Z97: P | AA97: 0 | AB97: 장수정 | AC97: P | AD97: 45897 | AE97: P | AF97: P
A98: 자원배정(RS) | B98: Stand | C98: Stand Assignment | D98: Online | E98: RSPK013S | F98: Seasonal Stand Assignment | G98: 김훈근 | H98: 45826 | I98: 45849 | J98: UT-RSPK013S | K98: 1차 | L98: 2 | M98: 45896 | N98: P | O98: 0 | P98: 이준일 | Q98: P | R98: 45890 | S98: 45894 | T98: F | U98: 0 | V98: 송희영 | W98: P | X98: 45898 | Y98: 45919 | Z98: F | AA98: 0 | AB98: 현업테스터 | AC98: P | AD98: 45951 | AE98: F | AF98: P
A99: 자원배정(RS) | B99: Stand | C99: Stand Assignment | D99: Online | E99: RSPK057M | F99: Stand Season Version Management | G99: 김훈근 | H99: 45852 | I99: 45849.566 | J99: UT-RSPK057M | K99: 1차 | L99: 2 | M99: 45875 | N99: P | O99: 0 | P99: 이준일 | Q99: P | R99: 45890 | S99: 45883 | T99: F | U99: 0 | V99: 송희영 | W99: P | X99: 45898 | Y99: 45919 | Z99: F | AA99: 0 | AB99: 현업테스터 | AC99: P | AD99: 45901 | AE99: P | AF99: P
A100: 자원배정(RS) | B100: Check In Counter | C100: Seasonal Assignment | D100: Online | E100: RSCI009S | F100: CIC Seasonal Request | G100: 이수연 | H100: 45806 | I100: 45807.633 | J100: UT-RSCI009S | K100: 1차 | L100: 2 | M100: 45862 | N100: P | O100: 0 | P100: 김승무 | Q100: P | R100: 45890 | S100: 45887 | T100: P | U100: 0 | V100: 송희영 | W100: P | X100: 45898 | Y100: 45919 | Z100: F | AA100: 0 | AB100: 현업테스터 | AC100: P | AD100: 45951 | AE100: P | AF100: P
...
